t,trend,y_clean,y_noisy,y_interp,lsm_dirty,lsm_clean,filter_clean,filter_noisy
0.0,41.75,39.732553338725594,39.732553338725594,39.732553338725594,48.90849195092131,42.492713741880884,39.732553338725594,39.732553338725594
1.0,34.828,34.36712781428869,34.36712781428869,34.36712781428869,41.95091174220684,35.565803479381046,36.92345690260513,36.916632876436125
2.0,27.966,26.00912087304649,26.00912087304649,26.00912087304649,35.053334310850815,28.698902184010123,30.610364320388936,30.591113514778712
3.0,21.163999999999998,19.541702998211385,122.45555603030294,22.26096491792792,28.215759656853237,21.892009855768123,22.890128013018362,24.28837031262569
4.0,14.422,18.51280896280935,18.51280896280935,18.51280896280935,21.438187780214104,15.145126494655045,17.19306802034992,18.149595461668422
5.0,7.740000000000002,12.634369247451993,12.634369247451993,12.634369247451993,14.720618680933413,8.458252100670883,10.689010585334973,11.335536782092628
6.0,1.117999999999995,-0.18400499941963688,-0.18400499941963688,-0.18400499941963688,8.063052359011174,1.8313866738156364,0.44185923580062747,2.8795209938597677
7.0,-5.444000000000003,-5.132928870695661,-5.132928870695661,-5.132928870695661,1.4654888144473759,-4.735469785910681,-7.881811647701802,-6.330229266930098
8.0,-11.945999999999998,-12.20862676977663,-12.20862676977663,-12.20862676977663,-5.07207195275798,-11.242317278508082,-15.67281399744369,-14.787030929699458
9.0,-18.387999999999998,-19.84740808099628,-19.84740808099628,-19.84740808099628,-11.549629942604888,-17.68915580397657,-23.070076310302237,-22.738693460743637
10.0,-24.769999999999996,-24.102378801890886,-24.102378801890886,-24.102378801890886,-17.967185155093368,-24.075985362316125,-28.22798678649866,-28.347988992018934
11.0,-31.092,-31.992845687787383,-31.992845687787383,-31.992845687787383,-24.324737590223386,-30.402805953526773,-33.69758747242834,-33.92478867777045
12.0,-37.35400000000001,-39.02625715859836,-39.02625715859836,-39.02625715859836,-30.622287247994954,-36.6696175776085,-39.033064983157736,-39.51445659047731
13.0,-43.55600000000001,-42.48275959862021,-42.48275959862021,-42.48275959862021,-36.85983412840809,-42.8764202345613,-42.66397953288277,-43.21808869459037
14.0,-49.69800000000001,-50.840992744590224,13.4311058012767,-49.776269766567836,-43.037378231462775,-49.02321392438518,-48.007571732990925,-48.491994489498694
15.0,-55.78,-57.06977993451545,-57.06977993451545,-57.06977993451545,-49.15491955715901,-55.10999864708014,-53.740860505350824,-54.04943090668936
16.0,-61.80199999999999,-57.6083095131731,27.407241027269933,-64.69675270928072,-55.2124581054968,-61.13677440264619,-57.07213868046552,-57.14363217496734
17.0,-67.764,-72.32372548404598,-72.32372548404598,-72.32372548404598,-61.209993876476155,-67.10354119108331,-66.3507300490136,-66.20134898087461
18.0,-73.666,-72.75960450958125,-72.75960450958125,-72.75960450958125,-67.14752687009707,-73.01029901239153,-72.31248659984328,-71.97763255231453
19.0,-79.508,-84.36954710651224,-84.36954710651224,-84.36954710651224,-73.02505708635951,-78.85704786657081,-81.83030452402895,-81.40025863789333
20.0,-85.28999999999999,-88.86731367314277,-88.86731367314277,-88.86731367314277,-78.84258452526353,-84.64378775362115,-89.85232547223787,-89.415083266366
21.0,-91.012,-83.795245186674,-83.795245186674,-83.795245186674,-84.6001091868091,-90.37051867354262,-91.57258403296404,-91.20039622685408
22.0,-96.67399999999998,-94.44761818221141,-94.44761818221141,-94.44761818221141,-90.29763107099623,-96.03724062633515,-96.83612702415414,-96.60814493469658
23.0,-102.27599999999998,-103.61394634732676,-0.334562972890609,-99.56275335828765,-95.93515017782491,-101.64395361199874,-103.51622400860643,-103.46783756307715
24.0,-107.81800000000001,-104.67788853436389,-104.67788853436389,-104.67788853436389,-101.51266650729514,-107.19065763053342,-106.97943363312505,-107.09709511126627
25.0,-113.30000000000001,-115.56765883947986,-115.56765883947986,-115.56765883947986,-107.03018005940692,-112.6773526819392,-113.50179353808942,-113.75782694941765
26.0,-118.72200000000001,-115.18707228082022,-115.18707228082022,-115.18707228082022,-112.48769083416028,-118.10403876621604,-116.38039521040416,-116.70383083492428
27.0,-124.084,-125.22841334061172,-125.22841334061172,-125.22841334061172,-117.88519883155516,-123.47071588336397,-122.41672145982682,-122.74762692717756
28.0,-129.386,-127.06311733015443,-127.06311733015443,-127.06311733015443,-123.22270405159162,-128.777384033383,-126.4831079856312,-126.74999935098354
29.0,-134.62800000000001,-129.57089798931423,-129.57089798931423,-129.57089798931423,-128.50020649426963,-134.02404321627307,-129.71383388351532,-129.8677404199062
30.0,-139.81,-139.72395087999024,-139.72395087999024,-139.72395087999024,-133.7177061595892,-139.21069343203425,-136.4361588845441,-136.46448030105304
31.0,-144.93200000000002,-142.2575476675605,-142.2575476675605,-142.2575476675605,-138.87520304755034,-144.3373346806665,-141.62260703733497,-141.5246442810756
32.0,-149.994,-152.2729105146952,-152.2729105146952,-152.2729105146952,-143.972697158153,-149.40396696216982,-149.69254236605244,-149.50516017683603
33.0,-154.99599999999998,-141.5939230057898,-141.5939230057898,-141.5939230057898,-149.01018849139723,-154.41059027654424,-148.81911009745903,-148.56386282794233
34.0,-159.938,-158.61654573402654,-158.61654573402654,-158.61654573402654,-153.98767704728303,-159.3572046237897,-156.14178376046544,-155.89760215829543
35.0,-164.82,-158.65386323585366,-158.65386323585366,-158.65386323585366,-158.90516282581035,-164.2438100039063,-160.04668039340953,-159.84988101557258
36.0,-169.642,-162.89604396217933,-162.89604396217933,-162.89604396217933,-163.76264582697925,-169.07040641689392,-163.85921873212504,-163.7458278591768
37.0,-174.404,-174.62313635675685,-174.62313635675685,-174.62313635675685,-168.5601260507897,-173.83699386275268,-171.51178107865215,-171.5077003917074
38.0,-179.106,-181.69090275018516,-181.69090275018516,-181.69090275018516,-173.2976034972417,-178.5435723414825,-179.41534983496692,-179.5126111875831
39.0,-183.748,-188.45319395234586,-188.45319395234586,-188.45319395234586,-177.97507816633527,-183.1901418530834,-187.3852110091153,-187.55708296797164
40.0,-188.32999999999998,-187.58853305991835,-187.58853305991835,-187.58853305991835,-182.59255005807037,-187.77670239755534,-191.33183178377757,-191.5287529170514
41.0,-192.85199999999998,-190.4101387045277,-190.4101387045277,-190.4101387045277,-187.15001917244706,-192.30325397489838,-194.26830233585292,-194.44759879696431
42.0,-197.314,-198.44626515360747,-198.44626515360747,-198.44626515360747,-191.64748550946527,-196.76979658511252,-199.06282182091206,-199.193848126588
43.0,-201.71599999999998,-206.13605042712865,-206.13605042712865,-206.13605042712865,-196.08494906912506,-201.17633022819774,-204.94561900021955,-205.0064887548265
44.0,-206.058,-202.42509094019576,-202.42509094019576,-202.42509094019576,-200.46240985142637,-205.52285490415406,-205.74136900343188,-205.71164584774812
45.0,-210.33999999999997,-213.76399552051322,-213.76399552051322,-213.76399552051322,-204.77986785636926,-209.8093706129814,-211.05284409390674,-210.95817830077598
46.0,-214.56199999999995,-216.9824321258492,-216.9824321258492,-216.9824321258492,-209.0373230839537,-214.03587735467988,-215.35391549078108,-215.2148173384957
47.0,-218.724,-218.57186366551088,-218.57186366551088,-218.57186366551088,-213.23477553417973,-218.2023751292494,-218.3306239494715,-218.1763749769481
48.0,-222.82600000000002,-215.54336450400422,-215.54336450400422,-215.54336450400422,-217.37222520704734,-222.30886393669,-218.0919203820139,-217.94871452197975
49.0,-226.86800000000005,-225.83739226168598,-338.27608693027827,-217.61774782717754,-221.4496721025564,-226.35534377700174,-222.6662513397539,-222.57619687806215
50.0,-230.85000000000002,-219.69213115035083,-219.69213115035083,-219.69213115035083,-225.46711622070706,-230.34181465018446,-222.01900327331634,-221.9829167532561
51.0,-234.77200000000005,-234.00121317515763,-234.00121317515763,-234.00121317515763,-229.42455756149928,-234.26827655623833,-228.61323441768621,-228.65474933341895
52.0,-238.63400000000001,-242.07931475558732,-242.07931475558732,-242.07931475558732,-233.3219961249331,-238.13472949516324,-236.97644383287167,-237.08432381653463
53.0,-242.43600000000004,-238.49114707401841,-238.49114707401841,-238.49114707401841,-237.15943191100843,-241.9411734669593,-240.53146591170227,-240.66743668602243
54.0,-246.178,-246.5643897099595,-246.5643897099595,-246.5643897099595,-240.93686491972528,-245.6876084716264,-246.72371331520912,-246.86695825831285
55.0,-249.86,-252.199262663664,-252.199262663664,-252.199262663664,-244.65429515108372,-249.37403450916457,-253.13814533323477,-253.25840584990607
56.0,-253.48200000000003,-257.27828540551894,-257.27828540551894,-257.27828540551894,-248.31172260508373,-253.00045157957385,-259.16931507366894,-259.24133834488504
57.0,-257.044,-256.8949640441415,-256.8949640441415,-256.8949640441415,-251.90914728172527,-256.56685968285416,-261.84373654606947,-261.8465113974686
58.0,-260.546,-264.3986389744894,-264.3986389744894,-264.3986389744894,-255.44656918100839,-260.07325881900556,-266.1480266035381,-266.08916409803203
59.0,-263.988,-260.3205663761388,-260.3205663761388,-260.3205663761388,-258.923988302933,-263.5196489880281,-265.43362466771106,-265.3149383068366
60.0,-267.37,-266.9518623039085,-266.9518623039085,-266.9518623039085,-262.34140464749925,-266.9060301899217,-266.97703686293147,-266.83295694869173
61.0,-270.692,-272.53936463584625,-272.53936463584625,-272.53936463584625,-265.698818214707,-270.2324024246863,-269.74456233137516,-268.75244890491433
62.0,-273.954,-274.86564170360145,-274.86564170360145,-274.86564170360145,-268.9962290045563,-273.4987656923221,-272.0460280097842,-271.35461182456476
63.0,-277.156,-281.54126645859003,-281.54126645859003,-281.54126645859003,-272.2336370170472,-276.7051199928289,-276.6800349971748,-276.23866730625303
64.0,-280.298,-284.3790198321935,-284.3790198321935,-284.3790198321935,-275.41104225217964,-279.8514653262068,-281.16836161252286,-280.9591660113592
65.0,-283.38,-283.0844795185126,-283.0844795185126,-283.0844795185126,-278.52844470995365,-282.93780169245576,-283.50965518736,-283.50904247502615
66.0,-286.402,-284.9273407765741,-284.9273407765741,-284.9273407765741,-281.5858443903692,-285.9641290915758,-285.93097219250103,-286.1030262900343
67.0,-289.36400000000003,-276.18820821984485,-276.18820821984485,-276.18820821984485,-284.5832412934263,-288.93044752356695,-282.6733239235542,-282.9455944409956
68.0,-292.26599999999996,-291.120565001067,-291.120565001067,-291.120565001067,-287.5206354191249,-291.83675698842916,-287.721669583213,-288.04776924355224
69.0,-295.108,-298.274328031353,-298.274328031353,-298.274328031353,-290.3980267674651,-294.68305748616245,-294.33986866798983,-294.64721865629906
70.0,-297.89,-298.9467059912454,-298.9467059912454,-298.9467059912454,-293.2154153384469,-297.4693490167669,-298.7684880545913,-298.98830730237233
71.0,-300.61199999999997,-292.7678493666915,-292.7678493666915,-292.7678493666915,-295.97280113207023,-300.1956315802424,-298.0694052668166,-298.1512328808503
72.0,-303.274,-304.7717238318113,-304.7717238318113,-304.7717238318113,-298.67018414833507,-302.8619051765889,-303.1805724058106,-303.1331983608301
73.0,-305.876,-304.0662560220027,-304.0662560220027,-304.0662560220027,-301.3075643872415,-305.46816980580644,-305.5053021581174,-305.33764486796724
74.0,-308.418,-312.857616511102,-251.5809620774009,-309.2476446244763,-303.88494184878954,-308.0144254678952,-310.91938179487954,-310.68113324146833
75.0,-310.9,-314.42903322694997,-314.42903322694997,-314.42903322694997,-306.4023165329791,-310.500672162855,-314.67659844617464,-314.41511980537854
76.0,-313.322,-313.5214622848515,-313.5214622848515,-313.5214622848515,-308.8596884398102,-312.92690989068586,-316.02288604332705,-315.78680548274116
77.0,-315.68399999999997,-318.7267491023151,-318.7267491023151,-318.7267491023151,-311.25705756928284,-315.2931386513878,-318.8688742613327,-318.7082864502108
78.0,-317.986,-320.9891285554617,-320.9891285554617,-320.9891285554617,-313.59442392139704,-317.59935844496084,-321.19815162073434,-321.1380097357408
79.0,-320.22799999999995,-320.22400742962725,-320.22400742962725,-320.22400742962725,-315.8717874961528,-319.8455692714049,-321.66669518504295,-321.707512318204
80.0,-322.40999999999997,-319.579630823202,-319.579630823202,-319.579630823202,-318.0891482935501,-322.0317711307201,-321.00260776022395,-321.12727500894175
81.0,-324.532,-329.9315610604313,-329.9315610604313,-329.9315610604313,-320.24650631358895,-324.1579640229064,-325.42044467408846,-322.9102920301735
82.0,-326.59399999999994,-329.9902555244885,-329.9902555244885,-329.9902555244885,-322.3438615562694,-326.2241479479637,-328.12224269945074,-326.47129516041247
83.0,-328.596,-332.3091489323594,-332.3091489323594,-332.3091489323594,-324.3812140215914,-328.23032290589214,-331.00910370952204,-329.9335774707729
84.0,-330.538,-332.6086772639991,-332.6086772639991,-332.6086772639991,-326.35856370955497,-330.17648889669164,-332.9754106617201,-330.57152167072564
85.0,-332.41999999999996,-326.0757192896387,-326.0757192896387,-326.0757192896387,-328.27591062016006,-332.06264592036223,-330.661853488031,-329.2151744769814
86.0,-334.24199999999996,-335.5344514046427,-335.5344514046427,-335.5344514046427,-330.13325475340673,-333.8887939769039,-333.6576434391757,-330.0399709292694
87.0,-336.00399999999996,-333.8616507909328,-333.8616507909328,-333.8616507909328,-331.9305961092949,-335.6549330663167,-334.4232784556916,-332.316755692942
88.0,-337.70599999999996,-335.0077270636044,-335.0077270636044,-335.0077270636044,-333.66793468782464,-337.3610631886005,-335.2134148450721,-334.2158199521524
89.0,-339.34799999999996,-335.3948881350227,-243.80142300805173,-337.61873063472893,-335.345270488996,-339.00718434375534,-335.6466811006476,-335.51100287483996
90.0,-340.92999999999995,-340.22973420585345,-340.22973420585345,-340.22973420585345,-336.96260351280887,-340.59329653178133,-338.20773360221307,-338.7170700911538
91.0,-342.452,-338.57341150029436,-338.57341150029436,-338.57341150029436,-338.51993375926327,-342.1193997526785,-338.89224870529586,-339.7969492042186
92.0,-343.914,-347.4837106317358,-347.4837106317358,-347.4837106317358,-340.01726122835925,-343.58549400644665,-343.8630922975925,-344.91543475754696
93.0,-345.316,-342.98567908521284,-264.6068817730087,-344.0165437693272,-341.45458592009675,-344.9915792930858,-344.74798303091853,-345.6897964765396
94.0,-346.65799999999996,-340.5493769069186,-340.5493769069186,-340.5493769069186,-342.8319078344758,-346.33765561259617,-343.8565178610179,-344.4908852888299
95.0,-347.93999999999994,-351.7575360520552,-351.7575360520552,-351.7575360520552,-344.1492269714965,-347.6237229649775,-348.72916114194163,-348.95864530337843
96.0,-349.16200000000003,-353.8542987540982,-353.8542987540982,-353.8542987540982,-345.4065433311587,-348.84978135023,-352.74043992660535,-352.53972460752976
97.0,-350.32400000000007,-351.69627545243037,-351.69627545243037,-351.69627545243037,-346.60385691346244,-350.01583076835357,-353.95958475350227,-353.3908500186568
98.0,-351.42600000000004,-356.4934611427314,-356.4934611427314,-356.4934611427314,-347.7411677184077,-351.1218712193481,-356.80701418901515,-356.0145713802376
99.0,-352.4680000000001,-345.56442082233275,-345.56442082233275,-345.56442082233275,-348.8184757459946,-352.1679027032139,-352.433430203239,-351.57329577864385
100.0,-353.45000000000005,-355.2035303527042,-355.2035303527042,-355.2035303527042,-349.835780996223,-353.1539252199507,-353.82186172856854,-353.0872979859391
101.0,-354.37200000000007,-357.20202565529127,-357.20202565529127,-357.20202565529127,-350.79308346909295,-354.0799387695585,-355.2203885498563,-354.7474708373078
102.0,-355.23400000000004,-353.6511445960397,-353.6511445960397,-353.6511445960397,-351.6903831646045,-354.94594335203755,-353.99316594363796,-353.8517666214778
103.0,-356.03600000000006,-357.50879806319705,-357.50879806319705,-357.50879806319705,-352.52768008275757,-355.75193896738756,-355.0419816144487,-355.24444255203304
104.0,-356.7780000000001,-359.61682529428845,-359.61682529428845,-359.61682529428845,-353.3049742235522,-356.49792561560866,-356.88392004443904,-357.3676210103411
105.0,-357.46000000000004,-359.9422361738166,-359.9422361738166,-359.9422361738166,-354.02226558698845,-357.1839032967008,-358.47254924290945,-359.1206742477681
106.0,-358.08200000000005,-351.52496915851833,-351.52496915851833,-351.52496915851833,-354.67955417306615,-357.8098720106641,-355.3329405506835,-357.3762954339622
107.0,-358.64400000000006,-348.37779395667116,-348.37779395667116,-348.37779395667116,-355.2768399817855,-358.3758317574985,-351.6063037032731,-353.0987522599589
108.0,-359.1460000000001,-358.3127665559642,-358.3127665559642,-358.3127665559642,-355.81412301314634,-358.8817825372039,-354.21481098417166,-355.19646731805796
109.0,-359.588,-363.35676158880756,-363.35676158880756,-363.35676158880756,-356.2914032671487,-359.3277243497804,-358.68342178682303,-359.14135884846036
110.0,-359.97,-364.18417298072063,-364.18417298072063,-364.18417298072063,-356.7086807437927,-359.71365719522805,-362.36376700944237,-362.31546201305025
111.0,-360.29200000000003,-358.39208950330914,-358.39208950330914,-358.39208950330914,-357.0659554430782,-360.0395810735467,-361.98881238924247,-361.5091520791191
112.0,-360.55400000000003,-362.70981642336454,-362.70981642336454,-362.70981642336454,-357.3632273650053,-360.3054959847364,-363.882725685052,-363.12525241514953
113.0,-360.75600000000003,-357.58817031147413,-357.58817031147413,-357.58817031147413,-357.60049650957393,-360.5114019287973,-362.133784476236,-361.26974009180736
114.0,-360.898,-363.7568406872209,-363.7568406872209,-363.7568406872209,-357.77776287678415,-360.6572989057292,-363.65624422462423,-362.8794804043687
115.0,-360.98,-361.3157856507806,-361.3157856507806,-361.3157856507806,-357.8950264666359,-360.7431869155322,-362.8762440060514,-362.33103916878014
116.0,-361.002,-364.14563483494084,-364.14563483494084,-364.14563483494084,-357.95228727912917,-360.7690659582063,-363.37952418509695,-363.16325737065637
117.0,-360.96400000000006,-361.99128810301715,-361.99128810301715,-361.99128810301715,-357.949545314264,-360.7349360337514,-362.2780495477424,-362.40707238063965
118.0,-360.86600000000004,-365.0888143280405,-365.0888143280405,-365.0888143280405,-357.88680057204044,-360.6407971421677,-362.98946834613133,-363.4191439830724
119.0,-360.708,-366.1704001050131,-366.1704001050131,-366.1704001050131,-357.7640530524584,-360.486649283455,-364.04026098646864,-364.66425560868856
120.0,-360.49,-362.8095020973216,-362.8095020973216,-362.8095020973216,-357.58130275551787,-360.2724924576134,-363.138132801868,-363.8136400540981
121.0,-360.21200000000005,-359.2556993797722,-359.2556993797722,-359.2556993797722,-357.338549681219,-359.99832666464283,-360.8356194299496,-361.42182871413104
122.0,-359.874,-352.93493131077287,-352.93493131077287,-352.93493131077287,-357.03579382956156,-359.66415190454336,-356.0921756005936,-360.9220550361749
123.0,-359.476,-363.56775821768775,-363.56775821768775,-363.56775821768775,-356.67303520054577,-359.2699681773151,-358.5388388148287,-361.7350740120472
124.0,-359.01800000000003,-359.9486473955705,-359.9486473955705,-359.9486473955705,-356.25027379417156,-358.81577548295775,-358.56028530050025,-360.5055030437792
125.0,-358.5,-360.5801288503655,-360.5801288503655,-360.5801288503655,-355.7675096104388,-358.30157382147155,-359.28766293503537,-360.15251358042076
126.0,-357.922,-357.0215363533762,-357.0215363533762,-357.0215363533762,-355.22474264934766,-357.7273631928565,-358.27012856394015,-358.19447512949927
127.0,-357.284,-358.1386991478329,-298.9107520620139,-357.5317029169982,-354.6219729108981,-357.09314359711243,-358.3996268909748,-357.27378198534547
128.0,-356.586,-358.0418694806202,-358.0418694806202,-358.0418694806202,-353.95920039509,-356.39891503423945,-358.55003288497494,-357.06834279009604
129.0,-355.82800000000003,-352.7243607895861,-352.7243607895861,-352.7243607895861,-353.23642510192354,-355.64467750423756,-355.8938077531156,-354.3382068899381
130.0,-355.01,-350.2623045772429,-350.2623045772429,-350.2623045772429,-352.4536470313986,-354.83043100710677,-352.72254948042223,-351.39253520015654
131.0,-354.13200000000006,-353.7575428471189,-353.7575428471189,-353.7575428471189,-351.6108661835152,-353.95617554284706,-352.282940576745,-350.7858607818652
132.0,-353.19399999999996,-354.8101394814952,-354.8101394814952,-354.8101394814952,-350.70808255827336,-353.0219111114584,-352.54857729722016,-351.8588620053179
133.0,-352.196,-350.0057344295933,-350.0057344295933,-350.0057344295933,-349.74529615567315,-352.0276377129408,-350.41144359119454,-350.46970838772717
134.0,-351.13800000000003,-347.9128446033077,-347.9128446033077,-347.9128446033077,-348.72250697571445,-350.9733553472944,-348.1441520807824,-350.60969447243167
135.0,-350.02,-352.64823899876757,-352.64823899876757,-352.64823899876757,-347.6397150183973,-349.85906401451894,-349.3912506115119,-351.7092637282489
136.0,-348.842,-335.566541741059,-335.566541741059,-335.566541741059,-346.4969202837217,-348.6847637146147,-341.68498083332685,-343.7289810127748
137.0,-347.60400000000004,-343.0922049343172,-343.0922049343172,-343.0922049343172,-345.2941227716876,-347.4504544475815,-340.71656968810146,-342.2954627625521
138.0,-346.30600000000004,-348.55247326689556,-348.55247326689556,-348.55247326689556,-344.03132248229514,-346.15613621341924,-343.27209743846896,-344.2007657090308
139.0,-344.948,-345.45995304093856,-345.45995304093856,-345.45995304093856,-342.7085194155442,-344.8018090121282,-343.9400971146025,-344.7301504617247
140.0,-343.53,-344.6929830398213,-344.6929830398213,-344.6929830398213,-341.3257135714348,-343.3874728437083,-344.5586809657322,-344.4525244335946
141.0,-342.052,-339.63944556470125,-339.63944556470125,-339.63944556470125,-339.882904949967,-341.91312770815927,-342.73262337480537,-341.94800913676795
142.0,-340.514,-341.6189171392122,-245.92746251181737,-336.04999814351976,-338.3800935511407,-340.3787736054815,-342.68099559170446,-341.4991653828865
143.0,-338.91599999999994,-332.46055072233827,-332.46055072233827,-332.46055072233827,-336.81727937495594,-338.7844105356747,-337.8186500658046,-336.5278493325784
144.0,-337.25800000000004,-340.818474281969,-340.818474281969,-340.818474281969,-335.1944624214128,-337.130038498739,-338.72540455564905,-337.62537529617816
145.0,-335.53999999999996,-339.8948812658378,-339.8948812658378,-339.8948812658378,-333.51164269051117,-335.41565749467446,-338.74609885948075,-338.0482832680323
146.0,-333.76199999999994,-334.24008321980295,-334.24008321980295,-334.24008321980295,-331.76882018225115,-333.6412675234809,-335.8498307429204,-335.6630823150259
147.0,-331.924,-323.53427216201146,-323.53427216201146,-323.53427216201146,-329.9659948966326,-331.8068685851585,-328.3847676513318,-328.70289380144425
148.0,-330.02599999999995,-328.37801955978966,-328.37801955978966,-328.37801955978966,-328.1031668336558,-329.91246067970707,-325.968344904177,-326.70726916699545
149.0,-328.068,-325.6066895431187,-325.6066895431187,-325.6066895431187,-326.1803359933204,-327.95804380712684,-323.19967251362976,-324.1797282712571
150.0,-326.04999999999995,-327.0479084332164,-327.0479084332164,-327.0479084332164,-324.1975023756266,-325.9436179674177,-322.70227444415355,-323.71655537008485
151.0,-323.972,-322.41922732423376,-322.41922732423376,-322.41922732423376,-322.1546659805743,-323.8691831605795,-320.79718216563265,-321.63739996041244
152.0,-321.83399999999995,-323.6768480190431,-323.6768480190431,-323.6768480190431,-320.0518268081636,-321.73473938661255,-321.0875879152899,-319.9937263172888
153.0,-319.63599999999997,-318.79367277778925,-318.79367277778925,-318.79367277778925,-317.8889848583944,-319.54028664551663,-319.59322167637407,-318.5937366950673
154.0,-317.37799999999993,-321.3007438189457,-321.3007438189457,-321.3007438189457,-315.6661401312668,-317.2858249372917,-320.575541819602,-319.53945537712764
155.0,-315.05999999999995,-319.1173311534996,-319.1173311534996,-319.1173311534996,-313.3832926267807,-314.9713542619379,-320.56160421925324,-319.52572874822533
156.0,-312.682,-314.06484018334857,-314.06484018334857,-314.06484018334857,-311.0404423449362,-312.59687461945526,-318.13316185379875,-317.21149577964627
157.0,-310.2439999999999,-311.9512354034525,-311.9512354034525,-311.9512354034525,-308.63758928573327,-310.16238600984354,-315.33792688702647,-314.6610560340098
158.0,-307.746,-306.86564712104024,-306.86564712104024,-306.86564712104024,-306.17473344917187,-307.66788843310303,-310.5761695066745,-310.23321157653874
159.0,-305.188,-302.32360153500474,-302.32360153500474,-302.32360153500474,-303.651874835252,-305.1133818892335,-304.756998643011,-304.7779496576161
160.0,-302.56999999999994,-296.88265901094445,-296.88265901094445,-296.88265901094445,-301.06901344397374,-302.49886637823516,-297.90191454086823,-298.24797621562016
161.0,-299.89199999999994,-304.58433151797857,-304.58433151797857,-304.58433151797857,-298.42614927533697,-299.8243419001079,-297.52890207934877,-298.1211172375224
162.0,-297.154,-299.4200415047918,-299.4200415047918,-299.4200415047918,-295.7232823293418,-297.0898084548516,-295.30066748161283,-295.9959639316214
163.0,-294.356,-289.80222886912264,-405.5616683311685,-294.5445804585122,-292.96041260598815,-294.2952660424665,-289.85486267084025,-290.5009348006658
164.0,-291.49799999999993,-289.66911941223265,-289.66911941223265,-289.66911941223265,-290.1375401052761,-291.44071466295236,-287.26491825469094,-287.7461938583198
165.0,-288.5799999999999,-285.12087913027887,-285.12087913027887,-285.12087913027887,-287.2546648272056,-288.52615431630943,-284.2944810218204,-284.5258770888984
166.0,-285.602,-279.9604167904806,-279.9604167904806,-279.9604167904806,-284.31178677177667,-285.55158500253754,-280.6863087156857,-280.63844414085423
167.0,-282.56399999999996,-281.1175997332085,-281.1175997332085,-281.1175997332085,-281.30890593898926,-282.5170067216366,-279.7986204075966,-279.50791942592986
168.0,-279.466,-280.4932498553757,-213.6684623064552,-278.3643203071905,-278.24602232884354,-279.42241947360696,-279.6828276155163,-279.22521460019505
169.0,-276.308,-275.61104088117247,-275.61104088117247,-275.61104088117247,-275.1231359413392,-276.26782325844835,-277.7146496103087,-277.18794089291265
170.0,-273.0899999999999,-268.25734924433567,-268.25734924433567,-268.25734924433567,-271.9402467764765,-273.05321807616065,-272.9660994882716,-272.47350423622834
171.0,-269.8119999999999,-270.0086576389857,-270.0086576389857,-270.0086576389857,-268.69735483425535,-269.7786039267442,-270.8450832237805,-270.48885596534126
172.0,-266.47399999999993,-261.2085188739805,-261.2085188739805,-261.2085188739805,-265.39446011467567,-266.44398081019887,-264.901097010175,-264.73110951825237
173.0,-263.0759999999999,-258.3609079447477,-258.3609079447477,-258.3609079447477,-262.0315626177376,-263.0493487265244,-259.50178163099855,-259.54033534535404
174.0,-259.61799999999994,-259.02199324000196,-259.02199324000196,-259.02199324000196,-258.6086623434411,-259.59470767572117,-256.4377979762123,-256.66755576002544
175.0,-256.0999999999999,-260.1314242543715,-260.1314242543715,-260.1314242543715,-255.12575929178615,-256.0800576577889,-255.48293019033116,-255.84894244549648
176.0,-252.52199999999993,-254.22493553044876,-151.39977683108665,-252.683481776596,-251.58285346277273,-252.50539867272784,-252.59447868494425,-253.00946600002888
177.0,-248.8839999999999,-245.23553929882053,-245.23553929882053,-245.23553929882053,-247.9799448564009,-248.8707307205379,-246.91555369862866,-247.28845303085714
178.0,-245.18599999999992,-245.92763872204063,-245.92763872204063,-245.92763872204063,-244.31703347267057,-245.17605380121887,-244.35890393036956,-244.62801922170104
179.0,-241.42799999999988,-239.05307609405176,-239.05307609405176,-239.05307609405176,-240.59411931158184,-241.42136791477105,-239.92602049356285,-240.03977426342823
180.0,-237.6099999999999,-240.26619162468964,-240.26619162468964,-240.26619162468964,-236.81120237313462,-237.60667306119416,-238.41406587423052,-238.36855040695974
181.0,-233.73199999999997,-237.04378899377173,-237.04378899377173,-237.04378899377173,-232.96828265732904,-233.73196924048852,-236.525046816173,-236.33873243172485
182.0,-229.79399999999998,-230.07407813129652,-230.07407813129652,-230.07407813129652,-229.06536016416493,-229.79725645265398,-232.36212993594089,-232.07667899310758
183.0,-225.79599999999994,-230.32477381938563,-230.32477381938563,-230.32477381938563,-225.1024348936424,-225.8025346976903,-230.28902178606376,-227.39887811605783
184.0,-221.73799999999994,-220.7613210127526,-220.7613210127526,-220.7613210127526,-221.07950684576144,-221.74780397559795,-224.39530777503765,-222.33232923380677
185.0,-217.6199999999999,-218.91991034604465,-218.91991034604465,-218.91991034604465,-216.996576020522,-217.63306428637662,-219.8680184233132,-218.46096689657182
186.0,-213.442,-216.81645217871255,-216.81645217871255,-216.81645217871255,-212.85364241792416,-213.4583156300262,-216.13051488614258,-215.3445380338088
187.0,-209.20399999999995,-208.50034521236796,-208.50034521236796,-208.50034521236796,-208.6507060379679,-209.22355800654705,-209.8072639447617,-209.6100158614529
188.0,-204.90599999999995,-197.26095903635604,-308.6565295868262,-204.8477903786641,-204.3877668806533,-204.92879141593897,-200.32138447945144,-200.63294765040123
189.0,-200.548,-201.1952355449602,-201.1952355449602,-201.1952355449602,-200.0648249459801,-200.5740158582018,-196.73513414430212,-197.43664824423277
190.0,-196.12999999999988,-193.90359327475826,-193.90359327475826,-193.90359327475826,-195.68188023394845,-196.1592313333359,-191.54659506050774,-192.44590736356028
191.0,-191.65199999999982,-191.37518292749206,-191.37518292749206,-191.37518292749206,-191.23893274455838,-191.6844378413409,-188.02933013409373,-188.92833183330634
192.0,-187.11400000000003,-189.55754345467062,-189.55754345467062,-189.55754345467062,-186.73598247780984,-187.14963538221713,-186.1412102167219,-186.85980609227212
193.0,-182.51600000000008,-182.03525365122618,-182.03525365122618,-182.03525365122618,-182.17302943370288,-182.55482395596445,-182.38431893210597,-182.78479313851102
194.0,-177.85800000000017,-181.73690263633213,-181.73690263633213,-181.73690263633213,-177.55007361223744,-177.9000035625827,-180.96919573030357,-180.99945393022006
195.0,-173.1400000000001,-174.79365872430665,-174.79365872430665,-174.79365872430665,-172.86711501341358,-173.18517420207218,-177.41850854980103,-177.09174334298632
196.0,-168.36200000000008,-169.74435851930684,-68.51057009170803,-167.00907494834823,-168.12415363723127,-168.41033587443258,-173.1218224247359,-172.5262715957726
197.0,-163.52400000000011,-159.2244911723898,-159.2244911723898,-159.2244911723898,-163.32118948369052,-163.5754885796642,-165.17412308404548,-164.43789953553815
198.0,-158.6260000000002,-152.69869099366682,-152.69869099366682,-152.69869099366682,-158.4582225527913,-158.68063231776694,-156.64719408601292,-155.9259752927556
199.0,-153.66800000000012,-152.3458547642749,-152.3458547642749,-152.3458547642749,-153.5352528445337,-153.72576708874058,-150.96664827153714,-150.4098023792897
200.0,-148.6500000000001,-149.73110409023985,-149.73110409023985,-149.73110409023985,-148.55228035891759,-148.71089289258546,-146.322259308322,-146.0308433924238
201.0,-143.57200000000012,-146.2649264933627,-146.2649264933627,-146.2649264933627,-143.50930509594306,-143.63600972930143,-142.33528774897493,-142.3509841502218
202.0,-138.4340000000002,-142.12160246095615,-142.12160246095615,-142.12160246095615,-138.4063270556101,-138.5011175988883,-138.76035754754994,-139.0609103830363
203.0,-133.2360000000001,-138.87941010869577,-138.87941010869577,-138.87941010869577,-133.24334623791864,-133.30621650134646,-136.1023492357755,-136.61141307094897
204.0,-127.97800000000007,-131.50466914091714,-131.50466914091714,-131.50466914091714,-128.02036264286878,-128.05130643667565,-131.90745368775205,-132.5055436015035
205.0,-122.66000000000008,-123.20031217674968,-123.20031217674968,-123.20031217674968,-122.73737627046046,-122.73638740487579,-126.01864611456573,-126.57644757658055
206.0,-117.28200000000015,-119.16348906153073,-119.16348906153073,-119.16348906153073,-117.39438712069372,-117.36145940594716,-120.95206477343324,-121.3627500640371
207.0,-111.84400000000005,-110.57371712896014,-110.57371712896014,-110.57371712896014,-111.99139519356868,-111.92652243988942,-113.86079121005922,-114.04604356157445
208.0,-106.34600000000023,-108.14561195910638,-108.14561195910638,-108.14561195910638,-106.52840048908504,-106.43157650670295,-108.50595300449993,-108.44825270070262
209.0,-100.78800000000001,-104.73839226479771,-104.73839226479771,-104.73839226479771,-101.00540300724296,-100.87662160638757,-103.83190789160362,-103.56025541827067
210.0,-95.17000000000007,-97.44164411580677,-97.44164411580677,-97.44164411580677,-95.4224027480424,-95.26165773894309,-97.70757612877682,-97.69761749503526
211.0,-89.49200000000019,-91.70741900285327,-91.70741900285327,-91.70741900285327,-89.77939971148342,-89.58668490436986,-91.52379551225607,-91.33342108262153
212.0,-83.75400000000013,-86.49366795503454,-86.49366795503454,-86.49366795503454,-84.07639389756599,-83.85170310266753,-85.66364990817891,-85.42989782122716
213.0,-77.95600000000013,-82.14137508890369,4.0017118856725915,-71.8304596611761,-78.31338530629012,-78.05671233383649,-80.57798954383759,-80.39663173283056
214.0,-72.09800000000018,-57.167251367317675,-57.167251367317675,-57.167251367317675,-72.49037393765579,-72.20171259787648,-65.31713601499453,-75.26888149708346
215.0,-66.18000000000006,-66.50300955594989,-66.50300955594989,-66.50300955594989,-66.60735979166304,-66.2867038947874,-61.0480532416322,-70.10292458872465
216.0,-60.202000000000226,-64.66722166652507,-64.66722166652507,-64.66722166652507,-60.66434286831183,-60.31168622456958,-58.56185982102634,-64.8662088907816
217.0,-54.164000000000215,-52.230457335500674,-52.230457335500674,-52.230457335500674,-54.66132316760217,-54.276659587222845,-52.05750633452746,-56.02520915023825
218.0,-48.06600000000003,-47.201846720775436,-47.201846720775436,-47.201846720775436,-48.59830068953408,-48.18162398274699,-46.72104306496396,-48.492467510440356
219.0,-41.90800000000013,-45.19288633132108,-45.19288633132108,-45.19288633132108,-42.47527543410754,-42.026579411142414,-43.61089588857297,-43.384567177752025
220.0,-35.690000000000055,-37.581828036391805,-37.581828036391805,-37.581828036391805,-36.29224740132255,-35.811525872408914,-38.93315199735422,-37.092751599750024
221.0,-29.412000000000035,-13.123542035395904,-13.123542035395904,-13.123542035395904,-30.04921659117911,-29.536463366546307,-24.15470576358578,-29.447934503325808
222.0,-23.07400000000007,-19.857264638791744,-19.857264638791744,-19.857264638791744,-23.746183003677224,-23.201391893554977,-18.495661197641503,-20.921157680133604
223.0,-16.67600000000016,-21.244511381810472,-21.244511381810472,-21.244511381810472,-17.383146638816903,-16.806311453434525,-16.21317295105972,-17.204064319434963
224.0,-10.218000000000075,-13.236032358580333,-13.236032358580333,-13.236032358580333,-10.960107496598134,-10.351222046185349,-11.612252480884749,-11.940195088386217
225.0,-3.7000000000000455,2.3083326415578593,2.3083326415578593,2.3083326415578593,-4.477065577020916,-3.8361236718072576,-1.6520845631973167,-1.735296703870639
226.0,2.877999999999929,3.1461638150942925,3.1461638150942925,3.1461638150942925,2.0659791199147364,2.738983669699955,4.3120849863375135,4.2306758659676476
227.0,9.515999999999849,5.593648346210955,5.593648346210955,5.593648346210955,8.669026594208646,9.374099978335892,8.399205282148413,8.214681553636742
228.0,16.213999999999942,16.923084508294966,16.923084508294966,16.923084508294966,15.332076845861188,16.069225254100942,15.74478425338597,15.44993715351488
229.0,22.97199999999998,23.251441022116254,23.251441022116254,23.251441022116254,22.055129874872186,22.824359496994713,22.685037127434605,22.313616113414586
230.0,29.789999999999964,31.344219066258937,31.344219066258937,31.344219066258937,28.838185681241626,29.639502707017403,30.327138047898735,29.944925059011837
231.0,36.66799999999989,37.41712514049678,37.41712514049678,37.41712514049678,35.68124426496951,36.51465488416922,37.40674508502997,37.08158625116805
232.0,43.605999999999995,40.490570488086014,40.490570488086014,40.490570488086014,42.58430562605584,43.449816028449746,42.51100710057812,42.29538516719851
233.0,50.603999999999814,56.02544656394373,56.02544656394373,56.02544656394373,49.54736976450061,50.444986139859196,52.72365126271646,52.663951194672386
234.0,57.66199999999981,56.430285598117436,56.430285598117436,56.430285598117436,56.57043668030383,57.50016521839777,58.499124003661684,58.58219454598491
235.0,64.77999999999997,60.18420037607519,60.18420037607519,60.18420037607519,63.65350637346549,64.61535326406505,62.976790263569825,63.173257809882706
236.0,71.95799999999986,70.4872638329669,70.4872638329669,70.4872638329669,70.7965788439856,71.79055027686127,69.89432823928617,70.16264398378668
237.0,79.19599999999991,75.5786957798593,75.5786957798593,75.5786957798593,77.99965409186416,79.0257562567866,75.76739076585585,76.04461970031694
238.0,86.49399999999991,84.20138480394523,84.20138480394523,84.20138480394523,85.26273211710117,86.32097120384064,82.86615868599637,83.09914972069966
239.0,93.85199999999986,91.20355157543784,91.20355157543784,91.20355157543784,92.5858129196966,93.67619511802383,90.03912091752875,90.18433543018288
240.0,101.26999999999998,98.44187796640031,98.44187796640031,98.44187796640031,99.9688964996505,101.0914279993357,97.46085055434928,97.49647583589682
241.0,108.74799999999982,105.79102067245466,105.79102067245466,105.79102067245466,107.41198285696282,108.5666698477765,105.12934298213796,105.34159299869762
242.0,116.28599999999983,114.22431235647463,114.22431235647463,114.22431235647463,114.9150719916336,116.10192066334645,113.5035632671985,113.54347792681565
243.0,123.88400000000001,123.16133976395369,123.16133976395369,123.16133976395369,122.47816390366282,123.69718044604508,122.55591085873023,122.48769168653868
244.0,131.54199999999992,126.21918489265391,126.21918489265391,126.21918489265391,130.1012585930505,131.35244919587285,128.89631523698048,128.76411081742881
245.0,139.26,140.35086966595324,140.35086966595324,140.35086966595324,137.7843560597966,139.06772691282933,139.0322840346391,138.89205815075888
246.0,147.038,149.71122535724754,149.71122535724754,149.71122535724754,145.52745630390118,146.84301359691474,149.1543762461659,149.0403833326907
247.0,154.87599999999998,154.73208840545655,154.73208840545655,154.73208840545655,153.33055932536396,154.67830924812927,156.9476194989955,156.8781273070222
248.0,162.7739999999999,160.89788404130272,160.89788404130272,160.89788404130272,161.1936651241854,162.57361386647253,163.63540996868443,163.62058956940467
249.0,170.73199999999997,173.17812786063038,173.17812786063038,173.17812786063038,169.11677370036531,170.52892745194467,172.66013239606204,172.70539926786628
250.0,178.75,178.9215078965575,178.9215078965575,178.9215078965575,177.09988505390362,178.54425000454597,179.87240005285224,179.95891205485765
251.0,186.82799999999997,187.8318966565494,187.8318966565494,187.8318966565494,185.14299918480043,186.619581524276,187.5854909601025,187.19530330846553
252.0,194.9659999999999,194.83906141385148,194.83906141385148,194.83906141385148,193.24611609305566,194.75492201113488,194.72880021388883,194.49217666542108
253.0,203.164,199.41700730005007,264.6785138572809,201.69218521990962,201.4092357786693,202.95027146512294,200.32086798792872,200.16858956421453
254.0,211.42200000000003,208.54530902596773,208.54530902596773,208.54530902596773,209.63235824164144,211.2056298862397,207.32937073168185,207.2382189631321
255.0,219.74,214.4645412370603,214.4645412370603,214.4645412370603,217.91548348197202,219.5209972744856,213.74132089600144,213.69727336369922
256.0,228.11799999999994,231.30548038789823,231.30548038789823,231.30548038789823,226.25861149966101,227.8963736298602,225.58993133894066,225.5990497863321
257.0,236.55600000000004,236.9247221404016,236.9247221404016,236.9247221404016,234.66174229470846,236.3317589523637,235.39341242359,235.43704404248734
258.0,245.05399999999986,241.48059817646495,241.48059817646495,241.48059817646495,243.12487586711438,244.82715324199637,243.24114524791972,243.30107352176628
259.0,253.61199999999985,253.69416598438377,253.69416598438377,253.69416598438377,251.64801221687873,253.3825564987577,253.54400409089803,253.61208935246853
260.0,262.23,261.60112859816155,261.60112859816155,261.60112859816155,260.2311513440015,261.9979687226482,263.03831754373977,263.09568984964153
261.0,270.9079999999999,273.8355513287733,273.8355513287733,273.8355513287733,268.87429324848273,270.6733899136674,274.05581755465255,274.0936956932134
262.0,279.64599999999973,281.3034513818354,281.3034513818354,281.3034513818354,277.57743793032245,279.4088200718155,283.44886944424724,283.4546904390693
263.0,288.44399999999973,286.8246647027454,286.8246647027454,286.8246647027454,286.3405853895206,288.20425919709277,290.5763752466329,291.7313649938395
264.0,297.30200000000013,296.86831580679416,296.86831580679416,296.86831580679416,295.16373562607714,297.0597072894987,298.4073991783748,299.16548700983554
265.0,306.22,311.7164493562346,311.7164493562346,311.7164493562346,304.0468886399921,305.9751643490336,309.24267383853004,309.73037972048684
266.0,315.19799999999987,316.04216461061486,316.04216461061486,316.04216461061486,312.99004443126535,314.9506303756976,316.7906769554544,317.5269165712105
267.0,324.2360000000001,322.20435303655586,322.20435303655586,322.20435303655586,321.9932029998973,323.9861053694903,323.2195849179397,323.600943314312
268.0,333.33399999999983,330.3003936135212,262.72057378449045,330.56579465418963,331.05636434588763,333.08158933041193,329.9925474747727,330.10215440988406
269.0,342.49199999999996,339.16925119485796,226.48544217146411,338.9272362718234,340.1795284692364,342.23708225846246,337.54530282238267,337.4510164093972
270.0,351.71000000000004,347.2886778894572,347.2886778894572,347.2886778894572,349.36269536994365,351.4525841536424,345.41544559384073,345.18705309482294
271.0,360.98800000000006,359.1731743020411,359.1731743020411,359.1731743020411,358.6058650480093,360.7280950159508,355.6242732347889,355.341825855818
272.0,370.326,365.41040933503746,365.41040933503746,365.41040933503746,367.90903750343347,370.06361484538814,364.5653172037992,364.29575606716014
273.0,379.72399999999993,375.81890438244335,375.81890438244335,375.81890438244335,377.27221273621603,379.4591436419543,374.79779021298845,374.60335145155443
274.0,389.1819999999998,394.26382286395216,394.26382286395216,394.26382286395216,386.695390746357,388.9146814056495,389.97644706010664,389.90491900127773
275.0,398.70000000000005,399.4570684013743,399.4570684013743,399.4570684013743,396.1785715338565,398.430228136474,401.43809947820387,401.48471080123505
276.0,408.2779999999998,403.23270624677565,403.23270624677565,403.23270624677565,405.7217550987144,408.005783834427,409.3349339577819,409.4737508295666
277.0,417.91599999999994,426.41919644121873,426.41919644121873,426.41919644121873,415.3249414409308,417.6413484995089,424.53800952521067,424.7520325176355
278.0,427.61400000000003,429.01823507751834,429.01823507751834,429.01823507751834,424.98813056050557,427.33692213171975,433.72045845115025,433.94161959216933
279.0,437.37200000000007,437.1253317598229,437.1253317598229,437.1253317598229,434.7113224574388,437.0925047310595,441.5588338301662,441.7386708735536
280.0,447.19000000000005,458.19851363770726,520.9937584410443,446.29965622546206,444.4945171317305,446.9080962975281,455.1511829715752,455.2695930545663
281.0,457.068,455.47398069110125,455.47398069110125,455.47398069110125,454.33771458338066,456.7836968311262,460.34705458025275,460.3611647585232
282.0,467.00599999999986,470.5575273189426,470.5575273189426,470.5575273189426,464.24091481238924,466.7193063318527,469.3067824752694,469.2333784065674
283.0,477.00400000000013,476.51492866142155,476.51492866142155,476.51492866142155,474.20411781875623,476.7149247997081,476.2426129284523,476.09759885279124
284.0,487.0619999999999,483.6931428869099,389.95043953106403,487.83362193994924,484.2273236024817,486.77055223469245,482.74570160943927,482.5643985951214
285.0,497.18000000000006,499.1523152184769,499.1523152184769,499.1523152184769,494.31053216356565,496.8861886368057,493.56277288325236,493.3970145780735
286.0,507.3580000000002,512.8102867120905,424.95079438566455,508.2059077536144,504.453743502008,507.0618340060484,506.67172239608635,506.5599996925303
287.0,517.5959999999998,517.2595002887518,517.2595002887518,517.2595002887518,514.6569576178089,517.2974883424195,516.7232523842724,516.6779776666848
288.0,527.8939999999998,522.6104807008137,522.6104807008137,522.6104807008137,524.9201745109681,527.5931516459194,525.074513617064,525.0985968269584
289.0,538.2520000000002,536.6550832587451,536.6550832587451,536.6550832587451,535.2433941814858,537.9488239165483,536.5165719892116,536.6087452207605
290.0,548.6700000000001,555.4514070806468,555.4514070806468,555.4514070806468,545.6266166293619,548.3645051543062,552.2891681375211,552.4343764866109
291.0,559.1479999999999,559.9216105481604,559.9216105481604,559.9216105481604,556.0698418545965,558.8401953591934,563.346301166652,563.4966569596575
292.0,569.6860000000001,567.3923431815685,567.3923431815685,567.3923431815685,566.5730698571895,569.3758945312092,572.4920642165039,572.612070596369
293.0,580.2839999999999,579.9147484488382,579.9147484488382,579.9147484488382,577.136300637141,579.9716026703538,582.6467257268288,582.7156226587518
294.0,590.942,590.5750370845999,590.5750370845999,590.5750370845999,587.7595341944509,590.6273197766274,592.3661113838183,592.3700780103638
295.0,601.6599999999999,597.9293537540641,597.9293537540641,597.9293537540641,598.4427705291192,601.3430458500297,600.1021147819253,601.9754671059571
296.0,612.4380000000001,609.6332810755881,609.6332810755881,609.6332810755881,609.1860096411456,612.1187808905617,608.9069009158288,611.7208893311553
297.0,623.2759999999998,623.708928664026,623.708928664026,623.708928664026,619.9892515305309,622.954524898222,619.9305761651758,621.8042304350431
298.0,634.174,630.5297500624685,630.5297500624685,630.5297500624685,630.8524961972745,633.8502778730111,628.9986749626065,630.1504142532548
299.0,645.1319999999996,642.0891257846142,642.0891257846142,642.0891257846142,641.7757436413766,644.8060398149292,639.4567654852561,639.9851670542212
300.0,656.1500000000001,653.0963894000712,653.0963894000712,653.0963894000712,652.7589938628372,655.8218107239763,650.6948535921092,650.6811805091776
301.0,667.2279999999996,662.2247333913392,662.2247333913392,662.2247333913392,663.8022468616563,666.8975906001523,661.5226451006574,661.0798791527011
302.0,678.366,676.7575539572452,676.7575539572452,676.7575539572452,674.9055026378337,678.0333794434576,674.8198205281695,674.1109523776068
303.0,689.5639999999999,689.9764696995945,689.9764696995945,689.9764696995945,686.0687611913697,689.2291772538915,688.9633201567663,688.1694640048145
304.0,700.8220000000001,702.0338162858104,702.0338162858104,702.0338162858104,697.292022522264,700.4849840314542,702.8736611427255,702.1680113121921
305.0,712.1399999999999,713.4206403218119,713.4206403218119,713.4206403218119,708.5752866305169,711.8007997761458,715.986263482525,715.5056608307278
306.0,723.518,730.6945670617471,730.6945670617471,730.6945670617471,719.9185535161281,723.1766244879664,731.3151032009031,731.1459868987754
307.0,734.9559999999997,740.7248370244487,740.7248370244487,740.7248370244487,731.3218231790978,734.6124581669164,744.1136708030688,744.2595607579614
308.0,746.4540000000002,742.6065127706911,742.6065127706911,742.6065127706911,742.785095619426,746.1083008129948,750.7316577938332,751.1248630579811
309.0,758.0119999999997,754.817151408033,754.817151408033,754.817151408033,754.3083708371125,757.6641524262021,758.3738149936561,758.9209621221987
310.0,769.6300000000001,765.8480061255169,765.8480061255169,765.8480061255169,765.8916488321576,769.2800130065384,766.1666732416392,766.7459915026583
311.0,781.308,778.8458296590303,778.8458296590303,778.8458296590303,777.5349296045611,780.9558825540036,775.4739579311861,775.9705995655777
312.0,793.0459999999998,790.3221773827388,790.3221773827388,790.3221773827388,789.238213154323,792.6917610685977,785.539762456104,785.8631509356921
313.0,804.8439999999996,801.6288156531691,801.6288156531691,801.6288156531691,801.0014994814434,804.4876485503212,796.536284540132,796.6391100267449
314.0,816.7020000000002,817.9598383198315,817.9598383198315,817.9598383198315,812.8247885859222,816.3435449991731,811.1442862571321,811.0338276773414
315.0,828.6199999999999,829.8896175483766,829.8896175483766,829.8896175483766,824.7080804677595,828.2594504151539,826.0672911427722,825.7835783287869
316.0,840.598,848.0438360063805,745.972145841201,840.1441929990367,836.6513751269551,840.2353647982637,844.3605120736503,843.9827868071303
317.0,852.636,850.3987684496967,850.3987684496967,850.3987684496967,848.6546725635094,852.2712881485023,856.326627914241,855.9209596674317
318.0,864.7339999999999,863.6484282398417,863.6484282398417,863.6484282398417,860.717972777422,864.3672204658706,869.0887644420012,868.7409357397357
319.0,876.8919999999998,872.0642817919049,872.0642817919049,872.0642817919049,872.841275768693,876.523161750367,879.237408511476,879.0031430244277
320.0,889.1100000000001,886.5317250120123,886.5317250120123,886.5317250120123,885.0245815373224,888.7391120019925,890.3744870215205,890.2917462393043
321.0,901.3879999999999,909.9426229013136,909.9426229013136,909.9426229013136,897.2678900833105,901.0150712207468,906.7478155299407,906.8311624985402
322.0,913.7260000000001,911.5315957423296,911.5315957423296,911.5315957423296,909.5712014066568,913.3510394066301,915.4660181195007,915.6641475355533
323.0,926.1239999999998,923.5561630421155,923.5561630421155,923.5561630421155,921.9345155073617,925.7470165596428,924.6410594333922,924.7724090781695
324.0,938.5819999999999,935.058313451617,935.058313451617,935.058313451617,934.3578323854249,938.2030026797839,934.0453340649749,934.2323553853281
325.0,951.0999999999999,953.7026696027526,953.7026696027526,953.7026696027526,946.8411520408466,950.718997767054,947.6841515854672,945.3916510516461
326.0,963.6779999999999,962.9067148215444,962.9067148215444,962.9067148215444,959.3844744736268,963.295001821453,959.6690106553872,958.0911071011692
327.0,976.3159999999998,973.384896951887,973.384896951887,973.384896951887,971.9877996837654,975.9310148429807,971.4665140302376,971.9761638970397
328.0,989.0140000000001,990.04317441606,881.6619202392017,985.3594665337237,984.6511276712624,988.6270368316382,986.4160227228978,986.8218119611392
329.0,1001.7719999999999,997.3340361155604,997.3340361155604,997.3340361155604,997.374458436118,1001.3830677874239,998.5496864180182,998.9691248858643
330.0,1014.5900000000001,1014.9748134739418,1014.9748134739418,1014.9748134739418,1010.1577919783318,1014.1991077103385,1013.9786149467517,1014.4371076907095
331.0,1027.4679999999998,1025.409715289393,1025.409715289393,1025.409715289393,1023.0011282979043,1027.0751566003821,1027.6048580267816,1028.0530782623182
332.0,1040.406,1040.8828210975382,1040.8828210975382,1040.8828210975382,1035.9044673948351,1040.0112144575546,1042.3592397308537,1042.736068802858
333.0,1053.404,1051.910289071866,1051.910289071866,1051.910289071866,1048.8678092691243,1053.007281281856,1055.2785759597125,1056.3527668988577
334.0,1066.462,1066.1108909386437,1066.1108909386437,1066.1108909386437,1061.8911539207722,1066.0633570732869,1068.39823455096,1069.0448370416423
335.0,1079.58,1084.6292758264553,1084.6292758264553,1084.6292758264553,1074.9745013497777,1079.179441831846,1083.7997503284284,1084.0980512108767
336.0,1092.7579999999998,1096.4147280304833,1096.4147280304833,1096.4147280304833,1088.1178515561423,1092.355535557534,1097.2711963575748,1097.2688787656136
337.0,1105.9959999999996,1102.1684116114702,1102.1684116114702,1102.1684116114702,1101.3212045398654,1105.5916382503513,1106.3507834582667,1106.105112660291
338.0,1119.2939999999999,1115.9554434495094,1115.9554434495094,1115.9554434495094,1114.584560300947,1118.887749910297,1116.6814314381668,1116.2874706693274
339.0,1132.6519999999996,1132.302894064397,1070.6290916638727,1133.611022449304,1127.9079188393869,1132.2438705373727,1129.3518095314562,1128.9171522106165
340.0,1146.0700000000002,1151.2666014490987,1151.2666014490987,1151.2666014490987,1141.2912801551852,1145.6600001315765,1145.2975039979858,1144.9266226929003
341.0,1159.5479999999998,1158.989160088947,1158.989160088947,1158.989160088947,1154.7346442483422,1159.1361386929093,1157.912179420085,1157.6705698352114
342.0,1173.0860000000002,1176.6014459569797,1176.6014459569797,1176.6014459569797,1168.2380111188575,1172.6722862213708,1173.5518205542553,1173.4908865490102
343.0,1186.6839999999997,1187.894194326754,1187.894194326754,1187.894194326754,1181.8013807667312,1186.2684427169615,1187.890851308045,1188.0079602122273
344.0,1200.342,1202.0093659063868,1202.0093659063868,1202.0093659063868,1195.4247531919632,1199.924608179681,1202.6707239985856,1202.9318439364997
345.0,1214.06,1214.366119788122,1214.366119788122,1214.366119788122,1209.108128394554,1213.6407826095299,1216.584619588415,1216.9243917887436
346.0,1227.8380000000002,1226.5799533459895,1226.5799533459895,1226.5799533459895,1222.851506374503,1227.4169660065072,1229.582043975281,1229.9234023291147
347.0,1241.676,1241.7479122257598,1241.7479122257598,1241.7479122257598,1236.6548871318105,1241.2531583706136,1243.2902671729896,1243.5649371516142
348.0,1255.574,1260.488699006545,1260.488699006545,1260.488699006545,1250.5182706664764,1255.1493597018487,1259.2578652387406,1259.4190605215506
349.0,1269.5319999999997,1265.3973395856488,1265.3973395856488,1265.3973395856488,1264.4416569785008,1269.1055700002128,1269.5597562101068,1269.567437491529
350.0,1283.5500000000002,1287.0322354746509,1287.0322354746509,1287.0322354746509,1278.4250460678836,1283.1217892657064,1284.7756058115626,1284.652713480953
351.0,1297.6279999999997,1293.6118109030315,1293.6118109030315,1293.6118109030315,1292.468437934625,1297.1980174983285,1295.5495030684062,1295.3176379864894
352.0,1311.766,1310.1743648449822,1310.1743648449822,1310.1743648449822,1306.5718325787248,1311.3342546980793,1308.6704972760183,1308.391663732073
353.0,1325.964,1324.330090370619,1324.330090370619,1324.330090370619,1320.7352300001828,1325.530500864959,1322.2675063962304,1322.0024031586709
354.0,1340.2220000000002,1348.2512258216582,1348.2512258216582,1348.2512258216582,1334.9586301989996,1339.7867559989677,1341.4811013752906,1336.6626483166892
355.0,1354.54,1354.5138337966773,1354.5138337966773,1354.5138337966773,1349.2420331751746,1354.1030201001058,1355.4287297446515,1352.1514346189012
356.0,1368.9180000000001,1369.4595927358962,1369.4595927358962,1369.4595927358962,1363.585438928708,1368.4792931683724,1370.2713252020753,1368.1340778206416
357.0,1383.3559999999998,1379.663458426663,1379.663458426663,1379.663458426663,1377.9888474596,1382.915575203768,1382.9929181633925,1381.8498074907352
358.0,1397.8540000000003,1398.3538545657443,1398.3538545657443,1398.3538545657443,1392.4522587678505,1397.4118662062922,1398.4784440616595,1398.2444098412886
359.0,1412.4119999999998,1419.1318097235926,1419.1318097235926,1419.1318097235926,1406.9756728534592,1411.9681661759455,1416.8009171729764,1417.334453209394
360.0,1427.0300000000002,1422.8494349658934,1422.8494349658934,1422.8494349658934,1421.5590897164266,1426.5844751127283,1428.106115550655,1429.1601693550429
361.0,1441.7079999999996,1439.056919143011,1439.056919143011,1439.056919143011,1436.2025093567522,1441.2607930166396,1441.0562314505337,1442.354006412368
362.0,1456.446,1452.004353926066,1452.004353926066,1452.004353926066,1450.9059317744363,1455.9971198876797,1453.3353476971386,1454.5789206670463
363.0,1471.2439999999997,1470.2483549155036,1470.2483549155036,1470.2483549155036,1465.6693569694792,1470.7934557258486,1468.0300370711252,1468.9704213122418
364.0,1486.1019999999999,1489.4781324058456,1489.4781324058456,1489.4781324058456,1480.4927849418802,1485.6498005311464,1485.0937955592228,1485.5645919551282
