id,loan_amount,loan_days,age,monthly_income,dti,score_raw,rating,recommendation,fraud_score,fraud_risk,binary_decision,ml_probability,target,cluster
1,3000,30,26.0,15000,0.5508666666666666,540,B,Conditionally approve,0,Clean,1,0.6972649947122346,1,2
2,1000,7,37.0,11000,0.5272727272727272,490,C,Requires manual review,0,Clean,1,0.5528989111548003,1,1
3,1000,3,26.5,10000,0.5,555,B,Conditionally approve,0,Clean,0,0.3229784521856504,0,2
4,1600,30,28.2,8000,0.375,545,B,Conditionally approve,0,Clean,1,0.7209821579399485,1,2
5,2500,18,23.3,9000,1.0555555555555556,425,D,Reject,0,Clean,1,0.7336153004071152,0,2
6,1000,30,24.6,6500,0.46153846153846156,475,D,Requires manual review,0,Clean,1,0.7482453743763074,1,2
7,1300,30,27.8,20000,0.35,620,A,Approve,0,Clean,1,0.5613877858859166,0,2
8,2000,14,36.4,14000,0.5,600,A,Approve,0,Clean,1,0.5258524901119337,1,2
9,2500,12,34.3,15000,0.8,565,B,Conditionally approve,0,Clean,1,0.7218146773913804,1,2
10,1000,7,29.6,7200,0.5763888888888888,515,C,Requires manual review,0,Clean,1,0.7723986842409755,1,2
11,2000,30,39.4,15000,1.1333333333333333,440,D,Reject,0,Clean,1,0.8934120756049703,1,1
12,1400,3,26.8,25000,0.6,545,B,Conditionally approve,0,Clean,1,0.7549484202503419,1,1
13,2500,30,29.6,14000,0.32142857142857145,560,B,Conditionally approve,1,Low,0,0.253606086674325,0,2
14,2000,30,22.9,9000,0.3333333333333333,505,C,Requires manual review,0,Clean,1,0.5570086921103969,1,2
15,1500,30,24.5,10000,0.35,430,D,Reject,0,Clean,0,0.35476038278460514,0,2
16,1000,30,25.9,2000,0.25,510,C,Requires manual review,0,Clean,1,0.8302989541513931,1,2
17,800,3,44.5,9000,0.6111111111111112,570,B,Conditionally approve,0,Clean,1,0.8684620222422577,1,1
18,1200,9,29.9,30000,0.5333,535,B,Conditionally approve,2,Low,0,0.30502505495802756,0,1
19,3000,30,30.7,10000,0.3,590,A,Approve,0,Clean,0,0.382092373059958,0,2
20,1950,30,23.6,7900,0.6962025316455697,425,D,Reject,0,Clean,1,0.6539354478296936,1,2
21,1700,9,29.2,5000,0.7,530,B,Conditionally approve,0,Clean,1,0.7193693740802088,1,2
22,3050,20,37.1,12000,0.6666666666666666,530,B,Conditionally approve,0,Clean,1,0.6277234161498575,1,1
23,1500,30,34.8,10000,0.5,520,C,Requires manual review,3,Medium,0,0.2521978389560865,0,2
24,1500,10,34.4,12000,0.16666666666666666,625,AA,Approve,0,Clean,0,0.356185313802376,0,2
25,1000,30,26.6,10000,0.5,550,B,Conditionally approve,0,Clean,1,0.6340881603319827,1,2
26,3000,16,25.5,10000,0.3,575,B,Approve,0,Clean,1,0.7692536215616943,1,2
27,1500,8,20.5,5600,0.6071428571428571,415,HR,Reject,0,Clean,0,0.21889269071904194,0,2
28,500,30,32.3,3100,5.0,325,HR,Reject,4,Medium,1,0.9093257425138223,1,0
29,2000,14,25.8,20000,0.515,530,B,Conditionally approve,0,Clean,1,0.7077863451577927,1,2
30,1000,7,32.4,8000,0.625,550,B,Conditionally approve,0,Clean,0,0.31956853038994465,0,2
31,1000,10,32.6,12000,0.8333333333333334,565,B,Conditionally approve,0,Clean,1,0.7323223010831276,1,2
32,3000,19,34.5,14000,0.6857142857142857,620,A,Approve,0,Clean,0,0.3240298722316856,0,1
33,1000,30,26.7,20000,0.45,550,B,Conditionally approve,0,Clean,0,0.2938692969692051,0,2
34,3000,30,51.4,9000,0.5555555555555556,565,B,Conditionally approve,0,Clean,1,0.8486241109917898,1,1
35,500,7,20.3,14200,0.5633802816901409,525,C,Conditionally approve,0,Clean,0,0.278311820723887,0,2
36,1500,21,36.0,35000,0.5142857142857142,560,B,Conditionally approve,3,Medium,1,0.8132685520655891,1,1
37,550,25,25.9,2000,3.9,295,HR,Reject,4,Medium,1,0.8059918250622953,0,0
38,500,30,35.5,12000,0.3333333333333333,555,B,Conditionally approve,0,Clean,1,0.8366709524693053,1,2
39,3950,14,32.6,18000,0.5555555555555556,605,A,Approve,0,Clean,1,0.7489507125221234,1,1
40,1600,30,32.8,9300,0.7419354838709677,525,C,Conditionally approve,0,Clean,1,0.8807127743845268,1,1
41,1500,30,36.0,8000,0.1875,620,A,Approve,0,Clean,1,0.8525356638094773,1,2
42,6000,10,39.3,20000,0.675,625,AA,Approve,0,Clean,1,0.8720101836522567,1,1
43,1500,30,22.6,7000,0.5714285714285714,475,D,Requires manual review,0,Clean,0,0.3749482560999736,0,2
44,4000,24,32.5,10000,0.25,600,A,Approve,0,Clean,1,0.7356531235941911,1,2
45,4500,30,29.5,12000,0.125,620,A,Approve,0,Clean,1,0.7410449591475773,1,2
46,4000,17,28.1,8000,0.375,630,AA,Approve,0,Clean,1,0.7694226433331266,1,1
47,1200,30,26.2,5000,0.24,555,B,Conditionally approve,0,Clean,1,0.8122924165487804,1,2
48,1000,22,29.7,8500,0.5882352941176471,560,B,Conditionally approve,0,Clean,0,0.43093558928806414,0,2
49,1400,12,34.7,10000,0.5,560,B,Conditionally approve,0,Clean,1,0.7150709291153886,1,2
50,4000,30,30.2,25000,0.76,560,B,Conditionally approve,0,Clean,1,0.7262831627180276,1,2
51,1000,30,20.4,10000,0.15,465,D,Reject,0,Clean,1,0.7501280462375882,1,2
52,1000,30,20.2,9000,0.3333333333333333,475,D,Requires manual review,0,Clean,0,0.45737269240790407,1,2
53,1000,21,38.5,7000,0.5714285714285714,470,D,Reject,0,Clean,1,0.7354980070804886,1,2
54,1800,30,41.6,6000,0.20833333333333334,545,B,Conditionally approve,0,Clean,1,0.920525689652009,1,1
55,2250,24,24.5,6000,0.6666666666666666,475,D,Requires manual review,0,Clean,1,0.5205010649125695,1,2
56,5000,30,41.6,13500,0.6666666666666666,665,AA,Approve,0,Clean,0,0.2538680166052782,0,1
57,1000,30,26.4,14000,0.5714285714285714,575,B,Approve,0,Clean,1,0.6946006975958061,1,2
58,1000,30,53.3,7000,0.2857142857142857,560,B,Conditionally approve,0,Clean,1,0.9188513291873581,1,1
59,3500,30,58.2,8000,0.625,535,B,Conditionally approve,0,Clean,1,0.9503935157459406,1,1
60,7000,20,22.0,5500,0.45454545454545453,485,C,Requires manual review,1,Low,1,0.5664788888068215,1,2
61,2550,30,37.7,6000,0.25,585,A,Approve,0,Clean,1,0.8570080013815442,1,1
62,4000,30,28.7,10000,0.3,585,A,Approve,0,Clean,1,0.6727153571575372,1,2
63,3000,30,22.0,8000,0.5,525,C,Conditionally approve,0,Clean,1,0.5831158113611443,1,2
64,3000,4,28.7,12000,0.4166666666666667,555,B,Conditionally approve,0,Clean,0,0.27052924550608876,0,1
65,1500,22,47.7,25000,0.46,590,A,Approve,0,Clean,0,0.418683258499394,0,1
66,4000,15,29.2,25000,0.32,545,B,Conditionally approve,0,Clean,0,0.48718957103941324,0,2
67,2000,30,31.8,9000,0.5555555555555556,550,B,Conditionally approve,0,Clean,1,0.7123333443054611,1,2
68,1400,30,29.7,8000,0.5,495,C,Requires manual review,3,Medium,1,0.8765109582327881,1,2
69,5000,30,46.9,9500,0.47368421052631576,555,B,Conditionally approve,0,Clean,1,0.8452019770029415,1,1
70,1000,30,30.9,7500,0.7333333333333333,465,D,Reject,0,Clean,1,0.8114380616585727,1,2
71,6000,28,32.8,8000,1.0,445,D,Reject,0,Clean,1,0.9361567130397206,1,1
72,1100,30,34.7,17000,0.14705882352941177,710,AA,Approve,0,Clean,1,0.8194598280772669,1,2
73,1500,30,22.7,1200,1.6666666666666667,290,HR,Reject,3,Medium,1,0.7014542352427261,1,2
74,3500,28,28.9,12000,0.39166666666666666,555,B,Conditionally approve,0,Clean,1,0.5479122032566699,1,2
75,1200,24,31.3,15000,1.1333333333333333,475,D,Requires manual review,0,Clean,1,0.7563421696880307,1,2
76,3000,30,36.2,12000,0.16666666666666666,640,AA,Approve,0,Clean,1,0.8184879590455323,1,1
77,900,8,21.0,9000,1.6111111111111112,350,HR,Reject,0,Clean,1,0.8389132077324946,1,2
78,3000,15,59.0,15,5.0,285,HR,Reject,8,Critical,1,0.72546088497428,0,0
79,1500,30,33.9,11000,0.3181818181818182,540,B,Conditionally approve,0,Clean,1,0.6903136818841115,1,2
80,3000,30,38.0,12000,0.45,565,B,Conditionally approve,0,Clean,1,0.8118102825369071,1,1
81,2500,7,37.2,7500,0.5066666666666667,495,C,Requires manual review,0,Clean,1,0.7936423491914743,1,1
82,1700,24,22.9,7000,0.42857142857142855,545,B,Conditionally approve,0,Clean,0,0.23860030930462783,0,2
83,2000,30,40.5,9500,0.42105263157894735,575,B,Approve,0,Clean,1,0.7242347568192491,1,2
84,800,15,26.9,7300,0.547945205479452,460,D,Reject,1,Low,1,0.8418965469417922,1,1
85,3500,30,50.1,20000,0.5,540,B,Conditionally approve,0,Clean,1,0.8518743873946907,0,1
86,1000,30,27.2,25000,0.42,560,B,Conditionally approve,0,Clean,1,0.5295194456220866,1,2
87,4000,30,34.1,18000,1.7222222222222223,440,D,Reject,2,Low,1,0.7773715701648182,1,0
88,3000,3,30.3,9500,0.3157894736842105,555,B,Conditionally approve,0,Clean,1,0.7394190381975426,1,2
89,4000,30,56.8,11500,1.0,530,B,Conditionally approve,0,Clean,1,0.9636113503372279,1,1
90,1800,15,24.9,9100,0.5494505494505495,505,C,Requires manual review,0,Clean,1,0.5970838538622536,1,2
91,4000,15,29.7,23000,0.45652173913043476,545,B,Conditionally approve,0,Clean,1,0.7225624807680008,1,1
92,1000,10,42.7,12000,0.7083333333333334,500,C,Requires manual review,0,Clean,0,0.40461794254408745,0,2
93,2500,30,30.8,10000,0.8,510,C,Requires manual review,0,Clean,1,0.8205598107911285,1,1
94,4000,14,31.3,20700,0.6570048309178744,595,A,Approve,0,Clean,0,0.4869231135468658,0,1
95,3000,30,24.8,10000,0.2,490,C,Requires manual review,3,Medium,1,0.7114573868000027,1,2
96,1000,14,28.9,11500,0.34782608695652173,590,A,Approve,0,Clean,1,0.655167647165526,1,2
97,1400,12,40.9,13300,0.41353383458646614,590,A,Approve,0,Clean,1,0.6495127855778974,1,1
98,1000,15,36.9,10000,0.43,545,B,Conditionally approve,0,Clean,0,0.479683387145658,0,1
99,2400,10,29.2,20000,0.725,585,A,Approve,0,Clean,1,0.8187743458315194,1,1
100,1000,22,27.0,8900,0.6067415730337079,490,C,Requires manual review,0,Clean,1,0.7360795825969447,1,2
101,2000,30,41.0,7000,1.0,460,D,Reject,0,Clean,1,0.9091309918105475,1,1
102,3500,30,22.7,4000,0.875,370,HR,Reject,1,Low,0,0.2620355808141243,0,2
103,1500,18,30.2,8000,0.75,550,B,Conditionally approve,0,Clean,1,0.7846947915935533,1,2
104,3000,12,26.7,13000,0.4230769230769231,535,B,Conditionally approve,0,Clean,1,0.785406592240138,1,2
105,3500,30,27.1,20000,0.75,485,C,Requires manual review,0,Clean,0,0.30275439157971573,0,2
106,2000,15,35.3,12000,0.5083333333333333,545,B,Conditionally approve,0,Clean,1,0.6737019986312561,1,2
107,4000,16,47.3,15500,0.45161290322580644,565,B,Conditionally approve,0,Clean,1,0.8993814341239473,1,1
108,1500,30,24.1,10000,0.4,530,B,Conditionally approve,0,Clean,1,0.5793817931972515,0,2
109,1100,20,23.2,17000,0.29411764705882354,515,C,Requires manual review,2,Low,1,0.6547301456122459,1,2
110,3750,30,21.3,8000,0.875,435,D,Reject,0,Clean,1,0.8066582405109259,1,2
111,500,6,22.7,6000,0.4166666666666667,455,D,Reject,0,Clean,0,0.3091012888351706,0,2
112,1700,4,60.0,9000,0.7777777777777778,470,D,Reject,1,Low,1,0.8260861350841762,1,1
113,3500,30,26.9,12000,0.5833333333333334,500,C,Requires manual review,2,Low,1,0.7341883654909851,1,2
114,1000,30,30.4,7500,0.3333333333333333,440,D,Reject,2,Low,1,0.8530920043892861,1,2
115,1000,19,31.7,15000,0.83,515,C,Requires manual review,0,Clean,1,0.808233216229548,1,2
116,1500,20,23.3,5000,0.6,480,C,Requires manual review,1,Low,0,0.293455926130881,0,2
117,4000,30,29.1,12500,0.2,585,A,Approve,0,Clean,1,0.719205815246913,1,2
118,2500,30,25.2,15000,0.37666666666666665,580,A,Approve,0,Clean,1,0.5569294760631444,0,2
119,2500,30,42.5,22000,0.22727272727272727,615,A,Approve,0,Clean,1,0.767211448144167,1,1
120,1400,12,35.3,9500,0.7684210526315789,480,C,Requires manual review,0,Clean,1,0.7476361151935517,1,2
121,1000,15,56.1,22000,0.4090909090909091,540,B,Conditionally approve,0,Clean,1,0.856303846990135,1,1
122,500,5,25.1,8700,0.28735632183908044,590,A,Approve,0,Clean,1,0.7918082833186605,1,2
123,4000,14,37.9,15000,1.0,550,B,Conditionally approve,0,Clean,1,0.8768966091366546,1,1
124,1500,30,24.3,25000,0.68,470,D,Reject,0,Clean,0,0.349473246256429,0,2
125,1500,10,41.6,15000,0.4666666666666667,595,A,Approve,1,Low,1,0.7468120470100346,1,1
126,2500,30,40.1,12500,0.56,560,B,Conditionally approve,0,Clean,1,0.8038355374663766,1,1
127,1000,30,26.4,8300,0.43132530120481927,560,B,Conditionally approve,0,Clean,0,0.38610551160656803,0,2
128,2300,18,24.5,6000,0.6666666666666666,475,D,Requires manual review,0,Clean,0,0.38660698105973945,0,2
129,3500,30,48.1,8000,0.6875,525,C,Conditionally approve,0,Clean,1,0.9344724216968907,1,1
130,1500,6,24.5,2400,0.625,420,HR,Reject,0,Clean,1,0.7725395703303716,1,2
131,3500,30,43.0,7000,1.0,460,D,Reject,0,Clean,1,0.8771823763052052,1,1
132,5000,30,30.0,40000,0.625,510,C,Requires manual review,3,Medium,1,0.5972098700061444,1,1
133,2000,21,31.7,4000,1.125,395,HR,Reject,0,Clean,1,0.8728251548170586,1,1
134,5000,5,30.3,30000,0.6666666666666666,515,C,Requires manual review,6,Critical,0,0.17788296827719757,0,1
135,3000,17,32.9,5500,0.36363636363636365,510,C,Requires manual review,0,Clean,1,0.8249944263977083,1,2
136,3500,30,44.9,13000,0.6153846153846154,545,B,Conditionally approve,0,Clean,1,0.8404836138018379,1,1
137,2000,14,35.9,10000,0.56,525,C,Conditionally approve,2,Low,1,0.7321916369669423,1,1
138,1000,14,37.0,16000,0.375,565,B,Conditionally approve,0,Clean,1,0.6829938481533403,0,1
139,3500,15,29.1,15000,0.3,575,B,Approve,0,Clean,1,0.5318790585515506,1,2
140,4500,17,34.3,15000,0.48,610,A,Approve,0,Clean,1,0.8137638836221669,1,1
141,3500,24,39.3,10000,0.5,510,C,Requires manual review,0,Clean,0,0.41060381447967964,0,2
142,1000,30,28.0,14000,0.6428571428571429,525,C,Conditionally approve,0,Clean,0,0.4178475074340572,0,2
143,3500,30,35.3,8000,0.875,560,B,Conditionally approve,0,Clean,0,0.3316178948067566,0,1
144,600,28,24.4,8000,0.625,425,D,Reject,0,Clean,1,0.8248005100355983,1,2
145,400,30,35.1,6500,0.23076923076923078,545,B,Conditionally approve,0,Clean,1,0.9122070442966308,1,2
146,5000,30,25.5,9000,0.9444444444444444,535,B,Conditionally approve,0,Clean,1,0.7918246361525143,1,2
147,4250,24,31.1,12000,0.16666666666666666,630,AA,Approve,0,Clean,0,0.40418054897219574,0,1
148,1000,30,33.2,13000,0.23076923076923078,630,AA,Approve,0,Clean,1,0.8311647493349898,1,2
149,900,8,24.6,5000,0.4,425,D,Reject,0,Clean,0,0.31682466767836864,0,2
150,3000,24,45.2,15000,0.6333333333333333,545,B,Conditionally approve,0,Clean,1,0.8918914903187521,1,1
151,1500,30,25.9,12300,0.5691056910569106,630,AA,Approve,0,Clean,1,0.6393145488210067,1,2
152,2000,14,52.5,15000,0.6133333333333333,540,B,Conditionally approve,0,Clean,1,0.9122920008053912,1,1
153,1000,30,47.7,15000,0.3333333333333333,580,A,Approve,0,Clean,1,0.7558420327408633,1,2
154,1300,30,32.6,9700,0.10309278350515463,585,A,Approve,0,Clean,1,0.8513850019258535,1,2
155,4000,30,48.6,5000,0.8,470,D,Reject,0,Clean,1,0.921920916938246,1,1
156,500,30,26.0,2500,0.6,470,D,Reject,0,Clean,1,0.6923121815079173,1,2
157,2500,30,33.9,14000,0.39285714285714285,570,B,Conditionally approve,0,Clean,1,0.6370443367940865,1,2
158,1000,29,33.3,15000,0.3333333333333333,595,A,Approve,0,Clean,1,0.7361719602586417,1,2
159,3000,30,42.7,18200,0.8159340659340659,525,C,Conditionally approve,0,Clean,1,0.6612749760940789,1,1
160,1000,30,21.1,4000,0.25,495,C,Requires manual review,0,Clean,0,0.2460386491251745,0,2
161,4000,30,34.9,20000,0.5,640,AA,Approve,0,Clean,1,0.6810868447050766,1,1
162,1500,26,24.4,15000,0.62,480,C,Requires manual review,3,Medium,1,0.6767348862991011,1,2
163,5000,14,40.3,16000,0.2,585,A,Approve,0,Clean,1,0.8642961227641994,1,1
164,3500,30,43.8,5500,0.9090909090909091,540,B,Conditionally approve,0,Clean,0,0.37116814197966636,0,1
165,5000,10,44.5,9000,0.6111111111111112,575,B,Approve,0,Clean,1,0.9033206755059073,1,1
166,1500,30,25.5,12000,0.6666666666666666,535,B,Conditionally approve,0,Clean,1,0.7014940125603033,1,2
167,1000,30,29.7,13000,0.5384615384615384,630,AA,Approve,0,Clean,1,0.7869924574361135,1,1
168,1000,30,22.1,6000,0.6666666666666666,390,HR,Reject,1,Low,1,0.6926149341112194,1,2
169,2000,18,28.4,12000,0.2916666666666667,635,AA,Approve,1,Low,0,0.2537512680559232,0,2
170,2500,10,28.1,11000,1.0,565,B,Conditionally approve,0,Clean,1,0.8211820697622737,1,1
171,2600,30,28.3,9500,0.3684210526315789,565,B,Conditionally approve,0,Clean,1,0.7038101659324572,1,2
172,1500,30,32.7,15000,0.8,495,C,Requires manual review,0,Clean,1,0.8391594551734529,1,1
173,800,16,28.9,5000,0.7,525,C,Conditionally approve,0,Clean,1,0.805995067405788,1,2
174,700,29,24.7,11000,0.7272727272727273,540,B,Conditionally approve,0,Clean,1,0.8069162811054204,1,2
175,2500,30,26.9,12000,0.5,675,AA,Approve,0,Clean,0,0.34750783593602835,0,2
176,1000,30,57.0,9000,0.5555555555555556,605,A,Approve,0,Clean,1,0.899834141276761,1,1
177,800,25,24.5,7150,0.4195804195804196,515,C,Requires manual review,0,Clean,1,0.6569339275874431,1,2
178,3500,30,42.2,40000,0.875,475,D,Requires manual review,3,Medium,1,0.6471943566727255,1,1
179,1000,15,25.7,7500,0.4266666666666667,530,B,Conditionally approve,0,Clean,1,0.7431547796083589,1,2
180,500,30,30.1,7000,0.5714285714285714,515,C,Requires manual review,0,Clean,1,0.8771596872651298,1,2
181,2050,17,38.2,15000,0.72,525,C,Conditionally approve,0,Clean,1,0.6983916678104866,1,1
182,3000,15,29.5,10500,0.3333333333333333,605,A,Approve,0,Clean,0,0.43370832419239574,0,2
183,3500,14,41.4,25000,0.56,535,B,Conditionally approve,0,Clean,1,0.8046738351066823,1,1
184,2000,21,45.9,7000,0.5,555,B,Conditionally approve,0,Clean,1,0.882857828773032,1,1
185,1000,30,22.7,3100,0.5741935483870968,395,HR,Reject,0,Clean,1,0.5963858958759128,1,2
186,500,3,35.5,4200,0.7857142857142857,470,D,Reject,0,Clean,1,0.8097782135558123,1,1
187,4000,10,41.7,20000,0.75,570,B,Conditionally approve,0,Clean,0,0.35344822941103865,0,1
188,1000,30,20.1,10000,0.6,455,D,Reject,0,Clean,0,0.2979329689144884,0,2
189,1000,30,21.5,7500,0.26666666666666666,485,C,Requires manual review,0,Clean,1,0.7428890538065942,1,2
190,3600,4,27.9,7600,0.2631578947368421,590,A,Approve,0,Clean,0,0.2808742935835525,0,1
191,2500,30,25.3,5500,0.36363636363636365,495,C,Requires manual review,3,Medium,0,0.31983981622164703,0,2
192,1000,7,21.3,8000,1.25,350,HR,Reject,0,Clean,1,0.8453077715148748,1,2
193,1000,30,29.1,8700,0.11494252873563218,575,B,Approve,0,Clean,1,0.9358048043137158,1,2
194,5000,30,24.2,10000,0.2,565,B,Conditionally approve,0,Clean,1,0.8011615496195345,1,2
195,2000,14,31.8,19000,0.2631578947368421,645,AA,Approve,0,Clean,0,0.4113491047316462,0,2
196,900,5,35.9,6500,0.6923076923076923,520,C,Requires manual review,0,Clean,1,0.649182626788435,1,2
197,3500,25,28.6,10000,0.6,555,B,Conditionally approve,0,Clean,0,0.46967635703240934,0,2
198,5000,30,28.2,8000,0.475,550,B,Conditionally approve,0,Clean,1,0.5053214123973709,0,2
199,1500,20,26.0,1200,4.166666666666667,315,HR,Reject,4,Medium,1,0.8023697517276107,1,0
200,800,20,26.8,14700,0.8163265306122449,545,B,Conditionally approve,3,Medium,1,0.8447174202798604,1,2
201,1500,21,24.7,8000,0.5,520,C,Requires manual review,1,Low,1,0.589549883559233,1,2
202,1000,5,37.7,12000,0.6666666666666666,500,C,Requires manual review,1,Low,0,0.26863474357916073,0,1
203,1400,30,32.9,6500,0.38461538461538464,610,A,Approve,0,Clean,1,0.7423881445570472,1,2
204,2900,10,43.2,7000,1.0357142857142858,445,D,Reject,0,Clean,1,0.855541123844755,1,1
205,1000,30,21.3,4000,1.0,375,HR,Reject,1,Low,1,0.7974448670688571,1,2
206,1500,20,30.8,7000,0.7714285714285715,490,C,Requires manual review,0,Clean,1,0.714620885709399,1,2
207,1500,6,32.8,25000,0.4,615,A,Approve,0,Clean,1,0.659230635392102,1,2
208,700,5,40.3,35000,0.2571428571428571,615,A,Approve,2,Low,0,0.2884783503776277,0,1
209,1000,30,40.9,8000,0.25,595,A,Approve,0,Clean,1,0.7083811341114521,0,2
210,3900,30,32.4,10000,0.5,605,A,Approve,0,Clean,1,0.6568292725543997,1,2
211,2400,10,27.9,10000,0.3,650,AA,Approve,0,Clean,1,0.7390829388933637,1,2
212,2500,30,23.2,12000,0.4166666666666667,585,A,Approve,0,Clean,0,0.2586102459822708,0,2
213,2000,21,29.2,10000,0.2,690,AA,Approve,0,Clean,1,0.7368420489864953,1,2
214,3000,14,32.6,10000,0.2,590,A,Approve,0,Clean,1,0.7794215020478156,1,2
215,1700,11,26.0,15000,1.0,515,C,Requires manual review,0,Clean,1,0.862597410964218,1,2
216,600,30,37.1,6000,0.6666666666666666,545,B,Conditionally approve,0,Clean,1,0.8692130357915299,1,1
217,3000,3,25.7,6000,0.375,540,B,Conditionally approve,0,Clean,1,0.7702162621978607,1,1
218,2750,30,31.1,7000,0.42857142857142855,505,C,Requires manual review,3,Medium,0,0.403150037907895,0,2
219,1000,21,22.5,11000,0.6909090909090909,475,D,Requires manual review,0,Clean,1,0.7736011776884046,1,2
220,1500,30,45.0,7500,0.8678666666666667,485,C,Requires manual review,0,Clean,0,0.3643965069516913,0,2
221,3550,30,24.2,8000,0.3125,525,C,Conditionally approve,0,Clean,1,0.5748484279459777,1,2
222,1500,30,25.4,8600,0.23255813953488372,545,B,Conditionally approve,1,Low,0,0.3026722543886514,0,2
223,3500,30,37.2,9000,0.3888888888888889,625,AA,Approve,0,Clean,1,0.5029021261811212,0,1
224,2250,7,37.0,12800,1.078125,485,C,Requires manual review,0,Clean,1,0.8855864486821362,1,1
225,4000,17,25.6,20000,1.35,460,D,Reject,0,Clean,1,0.8034569114720064,1,1
226,3000,30,40.2,10400,0.5288461538461539,550,B,Conditionally approve,0,Clean,1,0.7507187128394079,1,1
227,600,16,61.9,9800,0.20408163265306123,600,A,Approve,1,Low,1,0.9194795111890018,1,1
228,1800,30,32.8,6000,0.3333333333333333,570,B,Conditionally approve,0,Clean,1,0.7941765904496177,1,2
229,1000,30,21.6,10000,0.4,460,D,Reject,0,Clean,1,0.6984423403176888,1,2
230,3000,25,30.5,9500,0.4,570,B,Conditionally approve,0,Clean,1,0.6104079817389811,1,2
231,3500,30,29.9,11000,0.7727272727272727,490,C,Requires manual review,1,Low,1,0.8098951773944788,1,2
232,1000,16,35.3,7900,0.46835443037974683,545,B,Conditionally approve,0,Clean,1,0.6945176627509921,1,2
233,5700,30,29.3,9000,0.35777777777777775,535,B,Conditionally approve,0,Clean,1,0.7334380535079196,1,2
234,3200,20,24.6,3000,0.6,420,HR,Reject,0,Clean,1,0.6757415194897768,1,2
235,3050,30,26.2,5000,0.24,540,B,Conditionally approve,0,Clean,1,0.7578907533835042,1,2
236,8000,28,30.8,12000,0.5,595,A,Approve,0,Clean,1,0.7050149167757835,1,2
237,2400,30,29.9,14000,0.42857142857142855,540,B,Conditionally approve,0,Clean,1,0.6624540674519284,1,2
238,1500,11,28.9,6000,0.5,545,B,Conditionally approve,0,Clean,1,0.6717357501773953,0,2
239,500,3,41.4,10000,0.17,605,A,Approve,0,Clean,1,0.8988566271079276,1,1
240,800,30,27.1,3000,0.5,530,B,Conditionally approve,0,Clean,1,0.8598166903780151,1,2
241,600,30,22.1,8000,0.3125,505,C,Requires manual review,1,Low,1,0.8606809317750139,1,2
242,1400,12,28.6,5000,0.02,590,A,Approve,0,Clean,0,0.4006359051839506,0,2
243,3000,20,32.4,50000,0.076,505,C,Requires manual review,2,Low,0,0.25645822940575425,0,1
244,8000,30,41.9,7000,1.0,525,C,Conditionally approve,1,Low,0,0.2927174239177006,0,1
245,1500,7,39.4,13000,0.6923076923076923,525,C,Conditionally approve,0,Clean,1,0.8674013654787293,1,1
246,500,17,27.8,10000,1.0,470,D,Reject,0,Clean,0,0.38200067805609395,0,2
247,500,30,30.6,8000,0.25,565,B,Conditionally approve,0,Clean,1,0.8689083670839581,1,2
248,1950,30,34.6,13000,0.6153846153846154,550,B,Conditionally approve,0,Clean,1,0.649418181560914,1,2
249,2500,30,30.9,16000,0.6875,530,B,Conditionally approve,0,Clean,0,0.4308498006559163,0,2
250,7500,25,44.3,8500,0.4117647058823529,530,B,Conditionally approve,1,Low,1,0.8057810359883995,1,1
251,800,30,30.8,9000,0.2777777777777778,595,A,Approve,0,Clean,1,0.9209718248104815,1,2
252,1000,30,20.9,10000,0.4,455,D,Reject,0,Clean,0,0.2589586103760201,0,2
253,3000,21,26.7,13000,0.4230769230769231,515,C,Requires manual review,0,Clean,1,0.7625482206235674,1,2
254,2500,30,22.1,10000,0.77,455,D,Reject,0,Clean,1,0.5717379666218917,1,2
255,3500,30,26.5,6000,0.08333333333333333,510,C,Requires manual review,0,Clean,1,0.7943972558052852,1,2
256,900,8,25.6,8000,0.5,535,B,Conditionally approve,1,Low,0,0.2905097602844231,0,2
257,500,15,26.1,7700,0.7142857142857143,485,C,Requires manual review,0,Clean,1,0.7776972562674871,1,2
258,1000,26,37.5,8000,0.25,580,A,Approve,0,Clean,1,0.6551035123524237,1,2
259,4000,30,42.1,32000,0.5625,490,C,Requires manual review,2,Low,1,0.8060387620483199,1,1
260,1000,12,30.3,9100,0.6153846153846154,460,D,Reject,2,Low,1,0.8564945894590975,1,2
261,1000,30,35.1,12000,0.4166666666666667,640,AA,Approve,0,Clean,1,0.6725666639812576,1,2
262,1000,7,49.5,17800,0.4438202247191011,655,AA,Approve,0,Clean,1,0.9086323801057913,1,1
263,1000,30,31.8,6000,1.0,455,D,Reject,0,Clean,1,0.8824858704848579,1,1
264,1000,7,46.9,9000,0.3333333333333333,620,A,Approve,0,Clean,1,0.7330244277191591,1,1
265,1000,5,36.2,12000,0.8333333333333334,490,C,Requires manual review,0,Clean,1,0.6468367862749154,0,1
266,1000,30,23.2,15000,0.4666666666666667,585,A,Approve,0,Clean,1,0.7225574415630576,1,2
267,800,30,22.7,4200,0.35714285714285715,480,C,Requires manual review,0,Clean,1,0.8620453196128159,1,2
268,550,30,29.4,15000,0.5333333333333333,535,B,Conditionally approve,0,Clean,1,0.8677940329724136,1,2
269,1000,16,49.5,17800,0.4438202247191011,655,AA,Approve,0,Clean,1,0.8927778959703926,1,1
270,1000,7,34.7,12000,0.425,615,A,Approve,0,Clean,1,0.5473316872530416,1,2
271,1500,30,21.2,6000,0.3333333333333333,455,D,Reject,1,Low,0,0.2208094662429878,0,2
272,1500,15,20.5,9000,0.4444444444444444,500,C,Requires manual review,0,Clean,0,0.2824509351749952,0,2
273,1000,16,22.7,8000,0.375,525,C,Conditionally approve,0,Clean,1,0.6330028169454275,1,2
274,2500,17,55.7,16000,0.53125,575,B,Approve,0,Clean,1,0.8799628195746565,1,1
275,5000,30,36.2,15000,0.6666666666666666,505,C,Requires manual review,1,Low,1,0.7922985272411345,1,1
276,1500,30,28.5,6500,0.8461538461538461,455,D,Reject,0,Clean,1,0.8299544745096181,0,1
277,1000,30,59.0,30000,0.16666666666666666,555,B,Conditionally approve,3,Medium,1,0.8486922665159417,1,1
278,500,30,29.3,10000,0.4,635,AA,Approve,0,Clean,1,0.7374284057302621,1,2
279,800,10,24.5,12000,0.4166666666666667,535,B,Conditionally approve,0,Clean,1,0.7211012576444925,1,2
280,3500,26,28.6,12000,0.2916666666666667,600,A,Approve,0,Clean,1,0.5304125290916799,0,2
281,1000,15,26.8,8000,0.625,550,B,Conditionally approve,0,Clean,1,0.7214751185787898,1,2
282,1000,30,21.6,8000,0.5,465,D,Reject,0,Clean,1,0.6368292061829971,1,2
283,1500,30,25.5,20000,0.285,510,C,Requires manual review,3,Medium,0,0.22489304915361705,0,2
284,1000,27,24.4,7500,0.6,425,D,Reject,0,Clean,0,0.40627543289410584,0,2
285,5000,18,38.0,160000,0.0475,530,B,Conditionally approve,6,Critical,1,0.536355518890576,1,1
286,650,26,31.7,12000,0.30833333333333335,520,C,Requires manual review,0,Clean,1,0.7886119482290455,1,2
287,3500,30,30.1,17000,0.8823529411764706,495,C,Requires manual review,0,Clean,1,0.7446598908479516,1,2
288,800,3,28.2,12000,1.0,525,C,Conditionally approve,0,Clean,1,0.9026562290399253,1,2
289,1000,30,22.6,8000,0.59375,455,D,Reject,0,Clean,1,0.6843572111507856,1,2
290,2500,21,34.4,12000,0.375,610,A,Approve,0,Clean,0,0.36642381262620644,0,2
291,700,4,24.1,7000,0.5714285714285714,435,D,Reject,0,Clean,1,0.6880458959703418,1,2
292,2500,25,29.1,6000,0.75,490,C,Requires manual review,0,Clean,1,0.7755603991683457,1,2
293,500,7,28.2,5300,0.7547169811320755,450,D,Reject,0,Clean,1,0.7909696065777001,1,2
294,700,25,37.1,11500,0.391304347826087,570,B,Conditionally approve,0,Clean,0,0.3957494743262928,0,2
295,3500,30,46.8,17500,0.22857142857142856,640,AA,Approve,0,Clean,1,0.9350347907689915,1,1
296,3500,30,23.4,9500,0.21052631578947367,565,B,Conditionally approve,0,Clean,1,0.860989109231809,1,2
297,1500,30,43.8,12000,0.4166666666666667,540,B,Conditionally approve,0,Clean,0,0.43201251887522185,0,1
298,1500,11,37.6,10200,0.22794117647058823,555,B,Conditionally approve,0,Clean,1,0.8987120778744939,1,1
299,1550,8,23.0,6000,0.36666666666666664,485,C,Requires manual review,0,Clean,1,0.6651116067039894,1,2
300,2000,10,29.3,9000,0.3888888888888889,460,D,Reject,0,Clean,1,0.7820679377804722,1,2
301,1350,14,33.5,16000,0.5,570,B,Conditionally approve,0,Clean,1,0.6993134558147325,1,1
302,1000,5,41.7,7500,0.7333333333333333,485,C,Requires manual review,0,Clean,0,0.33980452289608515,0,1
303,1000,21,38.1,14000,0.5,620,A,Approve,0,Clean,1,0.6687630766527479,1,2
304,1800,29,30.6,10000,0.9,485,C,Requires manual review,0,Clean,1,0.8260804187815411,0,1
305,3700,30,35.4,40000,0.7,495,C,Requires manual review,2,Low,1,0.6038490342082059,1,1
306,500,30,25.5,15000,0.17333333333333334,600,A,Approve,0,Clean,1,0.8654711341583288,1,2
307,900,8,34.3,6000,0.16666666666666666,590,A,Approve,0,Clean,1,0.7681384172076201,1,2
308,5000,22,25.3,10000,1.2,450,D,Reject,2,Low,1,0.7354362492446992,1,2
309,1000,15,26.1,7700,0.7142857142857143,505,C,Requires manual review,0,Clean,0,0.4844812930062605,0,2
310,2500,28,34.3,10000,0.4,605,A,Approve,0,Clean,0,0.3876042156316393,0,2
311,1000,30,24.6,9000,0.9444444444444444,430,D,Reject,0,Clean,1,0.8209511165871155,1,2
312,1000,28,37.2,9000,0.5555555555555556,575,B,Approve,0,Clean,1,0.8189611531959208,1,1
313,500,30,26.4,9600,0.46875,510,C,Requires manual review,0,Clean,0,0.4501907044788001,0,2
314,2400,5,45.6,6000,0.16666666666666666,615,A,Approve,0,Clean,1,0.841830608694961,1,1
315,900,20,27.0,10000,0.4,565,B,Conditionally approve,0,Clean,1,0.7117885236198165,1,2
316,1550,30,38.5,14000,0.2857142857142857,625,AA,Approve,0,Clean,1,0.8130573596155342,1,1
317,1000,5,27.9,7500,0.6533333333333333,510,C,Requires manual review,0,Clean,1,0.6450435389156676,0,2
318,4500,30,29.5,12000,0.125,620,A,Approve,0,Clean,1,0.7410449591475773,0,2
319,3500,11,34.8,10000,0.6,585,A,Approve,0,Clean,1,0.5353653007739685,1,2
320,1500,29,33.1,10000,0.35,470,D,Reject,1,Low,1,0.6394921723582573,0,2
321,1000,30,21.0,7000,0.5,410,HR,Reject,0,Clean,1,0.7901403888181865,1,2
322,1500,10,21.7,6000,0.7166666666666667,395,HR,Reject,0,Clean,1,0.6612761684558465,1,2
323,400,18,32.9,9000,0.5555555555555556,585,A,Approve,0,Clean,1,0.7086175119537237,1,2
324,1000,15,40.4,30000,0.6166666666666667,495,C,Requires manual review,2,Low,0,0.3182072976188933,0,1
325,5000,8,47.2,11500,0.30434782608695654,600,A,Approve,0,Clean,1,0.9057398348947188,1,1
326,500,30,25.0,18000,0.4444444444444444,525,C,Conditionally approve,0,Clean,1,0.8638693257738138,1,2
327,1500,30,30.6,5000,1.0,530,B,Conditionally approve,0,Clean,1,0.7930739354984758,1,2
328,2000,27,25.6,11000,1.0909090909090908,445,D,Reject,2,Low,1,0.881011094033478,1,2
329,1000,15,30.3,9100,0.6153846153846154,480,C,Requires manual review,2,Low,1,0.8515362582657717,1,2
330,2000,14,22.3,12500,0.56,490,C,Requires manual review,0,Clean,0,0.3194756984039879,0,2
331,1000,30,20.5,12000,0.3333333333333333,535,B,Conditionally approve,0,Clean,0,0.1769559117306199,0,2
332,1500,10,41.2,12000,0.3333333333333333,605,A,Approve,0,Clean,1,0.6767672570172922,1,1
333,1000,30,37.2,10000,0.45,625,AA,Approve,0,Clean,1,0.7618965277877118,1,2
334,2000,30,23.6,8500,0.5882352941176471,520,C,Requires manual review,0,Clean,0,0.44068631171180367,0,2
335,1800,14,37.3,10000,0.25,605,A,Approve,0,Clean,1,0.8001296254659063,1,1
336,1350,30,26.4,6000,0.3333333333333333,535,B,Conditionally approve,0,Clean,1,0.6309895663181507,1,2
337,3000,30,25.7,12500,0.408,540,B,Conditionally approve,0,Clean,1,0.7787469747234685,1,2
338,2000,30,23.8,8000,0.5,505,C,Requires manual review,0,Clean,1,0.7012479417719523,1,2
339,2500,30,35.0,5500,0.3090909090909091,480,C,Requires manual review,1,Low,1,0.8441395599516903,1,1
340,1000,17,22.7,12000,0.5,470,D,Reject,0,Clean,1,0.558415722984084,1,2
341,2500,16,53.2,12000,0.625,650,AA,Approve,0,Clean,1,0.8711631230502959,1,1
342,3000,20,44.2,25000,0.4,540,B,Conditionally approve,0,Clean,1,0.7353717260435642,1,1
343,1100,15,24.1,13000,1.4615384615384615,420,HR,Reject,0,Clean,1,0.8823763938182826,1,2
344,600,30,34.3,9000,0.34444444444444444,580,A,Approve,0,Clean,1,0.8964874135599256,1,1
345,700,30,25.3,8000,0.25,555,B,Conditionally approve,0,Clean,1,0.9021539757637076,1,2
346,1500,9,39.4,13000,0.6923076923076923,545,B,Conditionally approve,0,Clean,1,0.844214984637007,1,1
347,800,30,23.8,7300,0.5753424657534246,465,D,Reject,0,Clean,1,0.8384547329433318,1,2
348,1000,30,26.0,11000,0.2545454545454545,535,B,Conditionally approve,0,Clean,0,0.40560240343985027,0,2
349,500,14,41.8,11000,0.4709090909090909,530,B,Conditionally approve,0,Clean,1,0.7027550718762677,1,1
350,4000,30,22.0,9760,0.20491803278688525,545,B,Conditionally approve,0,Clean,1,0.8444922909271013,1,2
351,900,30,36.0,6000,0.75,460,D,Reject,0,Clean,1,0.8406495211188489,1,1
352,1550,30,29.1,11000,0.4727272727272727,535,B,Conditionally approve,0,Clean,1,0.702845631696325,1,2
353,3000,30,43.0,16000,0.5,580,A,Approve,0,Clean,1,0.7541640007197469,1,1
354,800,6,38.2,9000,1.0,480,C,Requires manual review,0,Clean,1,0.7335676055590012,1,2
355,2500,30,26.1,11000,0.5454545454545454,535,B,Conditionally approve,0,Clean,1,0.7580029739418713,1,2
356,1000,30,29.1,8700,0.11494252873563218,575,B,Approve,0,Clean,1,0.9358048043137158,1,2
357,3500,30,60.3,10000,0.8,530,B,Conditionally approve,0,Clean,1,0.9237367615225381,1,1
358,1000,30,21.4,8000,0.5625,455,D,Reject,1,Low,1,0.6915982971391744,1,2
359,3500,30,32.1,10000,0.5,605,A,Approve,0,Clean,1,0.5694982160506602,1,2
360,1000,30,47.2,10000,0.55,510,C,Requires manual review,0,Clean,1,0.890743795584082,1,1
361,3000,30,34.3,8800,0.3977272727272727,575,B,Approve,0,Clean,1,0.7576530247505395,1,2
362,3000,30,23.7,5200,0.7307692307692307,465,D,Reject,0,Clean,1,0.7225049265418394,1,2
363,1000,18,22.1,6000,0.6666666666666666,445,D,Reject,0,Clean,0,0.2947260524370662,0,2
364,2000,14,29.4,15000,0.3333333333333333,570,B,Conditionally approve,3,Medium,0,0.2938692883096306,0,2
365,1500,30,32.0,10000,0.55,530,B,Conditionally approve,0,Clean,1,0.7335000185886285,1,2
366,2500,30,26.5,7000,0.2857142857142857,605,A,Approve,0,Clean,1,0.8297234972555392,1,2
367,300,12,30.5,19000,0.3157894736842105,635,AA,Approve,0,Clean,1,0.8311171320726038,1,1
368,4000,30,32.8,13000,0.38461538461538464,605,A,Approve,1,Low,0,0.24360230909032546,0,2
369,4000,19,26.6,5000,0.6,465,D,Reject,0,Clean,1,0.8771600832758921,1,2
370,1500,20,26.1,8000,0.25,610,A,Approve,0,Clean,1,0.7702361129447902,1,2
371,3000,14,35.6,15000,0.7333333333333333,565,B,Conditionally approve,0,Clean,1,0.8633820198974506,1,1
372,3000,15,24.7,9000,0.2222222222222222,595,A,Approve,0,Clean,1,0.7728430487358665,1,2
373,1000,15,35.4,15000,0.6333333333333333,575,B,Approve,0,Clean,1,0.6678660338540986,1,1
374,2500,7,32.7,15000,0.8,495,C,Requires manual review,0,Clean,1,0.8939016887620715,1,1
375,3000,16,31.9,55000,0.7272727272727273,425,D,Reject,5,Medium,1,0.7767344798483472,1,0
376,1200,30,22.0,6500,0.6153846153846154,435,D,Reject,0,Clean,1,0.7353651649872003,1,2
377,2500,30,27.0,8000,0.1875,565,B,Conditionally approve,0,Clean,0,0.35722452767774765,0,2
378,1000,30,26.7,10000,0.7,555,B,Conditionally approve,0,Clean,1,0.7992967182801455,1,2
379,1700,12,26.2,10000,0.5,545,B,Conditionally approve,0,Clean,1,0.6876067106633306,1,2
380,1000,30,24.3,11000,0.7727272727272727,440,D,Reject,0,Clean,1,0.8238304237502592,1,2
381,900,20,20.6,3500,0.42857142857142855,425,D,Reject,0,Clean,0,0.268782706213979,0,2
382,1150,30,28.6,16800,0.2976190476190476,670,AA,Approve,0,Clean,1,0.633668440058834,0,2
383,2000,30,34.0,11000,0.4090909090909091,525,C,Conditionally approve,0,Clean,1,0.6318278452929408,1,2
384,500,14,31.4,8200,0.36585365853658536,565,B,Conditionally approve,0,Clean,1,0.6875225293138838,1,2
385,1000,15,41.8,15000,0.3333333333333333,525,C,Conditionally approve,2,Low,0,0.4676923224820576,0,1
386,3500,20,35.6,19800,0.40404040404040403,620,A,Approve,0,Clean,0,0.37848973655897156,0,1
387,3500,30,28.3,7500,0.4,545,B,Conditionally approve,0,Clean,1,0.7305056223777077,1,2
388,1000,16,23.2,6000,0.25,525,C,Conditionally approve,0,Clean,1,0.6889591127471153,0,2
389,1000,14,31.4,11200,0.10714285714285714,595,A,Approve,0,Clean,1,0.6818274288945946,1,2
390,1000,3,20.5,4500,0.2222222222222222,450,D,Reject,3,Medium,0,0.4959069948683148,0,2
391,1500,30,20.4,15000,0.9002666666666667,420,HR,Reject,3,Medium,1,0.8008849480675715,1,2
392,2000,30,25.3,21000,0.7880952380952381,505,C,Requires manual review,0,Clean,1,0.8309782173690371,1,2
393,1800,26,21.9,3500,1.0,380,HR,Reject,0,Clean,0,0.3361947413031744,0,2
394,3000,30,23.6,8000,0.25,555,B,Conditionally approve,0,Clean,1,0.7477006783864715,1,2
395,1000,30,22.3,8000,0.375,505,C,Requires manual review,0,Clean,0,0.3227493119847263,0,2
396,1000,15,28.4,14000,0.2571428571428571,615,A,Approve,0,Clean,1,0.6384376246751102,0,2
397,2500,17,30.0,10000,0.5,560,B,Conditionally approve,0,Clean,1,0.6151996212392732,0,2
398,1000,30,20.4,9000,0.8404444444444444,455,D,Reject,0,Clean,1,0.5605207745004367,1,2
399,1500,29,35.4,15000,0.31333333333333335,620,A,Approve,0,Clean,0,0.2891248237528275,0,2
400,3000,30,42.9,3000,0.3333333333333333,490,C,Requires manual review,0,Clean,1,0.8502518827133417,1,1
401,1500,16,26.7,10000,0.55,500,C,Requires manual review,0,Clean,1,0.6831976442304826,1,2
402,5000,5,35.4,16000,0.64,635,AA,Approve,0,Clean,0,0.25845623824975567,0,1
403,550,30,27.2,4500,0.4444444444444444,495,C,Requires manual review,0,Clean,1,0.8542586075813293,1,2
404,4000,15,24.9,10200,0.6862745098039216,540,B,Conditionally approve,0,Clean,0,0.4057866648968122,0,2
405,3000,30,33.5,8000,0.5625,540,B,Conditionally approve,0,Clean,1,0.8225576066320529,1,1
406,1500,30,31.5,10000,0.5325,520,C,Requires manual review,0,Clean,1,0.7447616107558891,1,2
407,3500,30,23.6,15000,0.5333333333333333,560,B,Conditionally approve,0,Clean,0,0.3470564636877442,0,2
408,1000,30,51.1,2000,5.0,300,HR,Reject,4,Medium,1,0.865318779087252,1,0
409,1000,3,36.5,8000,0.8125,550,B,Conditionally approve,0,Clean,0,0.3658178016140987,0,2
410,1800,30,33.2,10000,0.5,540,B,Conditionally approve,3,Medium,1,0.6812083488445019,0,1
411,1500,30,23.4,9500,0.42105263157894735,515,C,Requires manual review,0,Clean,0,0.4235645227046807,1,2
412,3000,30,27.8,15000,0.36666666666666664,625,AA,Approve,0,Clean,0,0.19466737252449068,0,2
413,1000,28,21.3,5000,0.2,485,C,Requires manual review,0,Clean,1,0.6304672011638753,1,2
414,1000,30,23.9,1000,4.5,235,HR,Reject,4,Medium,1,0.8642292224495483,1,0
415,3050,8,31.6,37000,0.08108108108108109,580,A,Approve,2,Low,1,0.511436211655409,0,1
416,3000,26,26.3,3500,1.0,430,D,Reject,0,Clean,1,0.8346379856538539,1,2
417,500,30,32.3,3100,5.0,345,HR,Reject,4,Medium,1,0.9046471881652536,1,0
418,2000,13,28.5,1100,1.8181818181818181,335,HR,Reject,6,Critical,1,0.6959144783227361,0,0
419,1000,30,31.7,7000,0.42857142857142855,545,B,Conditionally approve,0,Clean,1,0.8674607069375219,1,2
420,1500,15,31.4,18000,0.5833333333333334,575,B,Approve,0,Clean,0,0.36796230222866927,0,2
421,2500,30,40.4,9000,0.6666666666666666,475,D,Requires manual review,0,Clean,1,0.8840209107333432,1,1
422,1000,15,43.0,10000,0.7,520,C,Requires manual review,1,Low,1,0.8089532811480534,1,1
423,3500,30,29.9,11000,0.7727272727272727,510,C,Requires manual review,0,Clean,1,0.8002017594700195,1,2
424,3500,30,27.8,15700,0.5095541401273885,515,C,Requires manual review,1,Low,1,0.6852585237428992,1,2
425,600,7,50.6,5880,0.9455782312925171,445,D,Reject,0,Clean,0,0.38811464777240023,0,1
426,1000,17,31.7,9720,0.51440329218107,505,C,Requires manual review,0,Clean,1,0.8005167719870179,1,2
427,800,11,24.1,8000,0.4625,490,C,Requires manual review,0,Clean,1,0.8232450008430733,1,2
428,1400,20,37.4,8500,0.47058823529411764,575,B,Approve,0,Clean,0,0.4595280346716159,0,2
429,4000,30,41.4,7300,0.3424657534246575,565,B,Conditionally approve,0,Clean,1,0.6266671647405289,1,2
430,4000,10,53.4,13000,0.46153846153846156,580,A,Approve,0,Clean,1,0.5973175293434644,1,1
431,2500,30,26.3,13000,0.6153846153846154,590,A,Approve,0,Clean,1,0.5750058039126226,1,2
432,5000,30,37.1,10000,0.35,610,A,Approve,0,Clean,1,0.8543168193837064,1,1
433,6000,30,32.3,10000,0.8,505,C,Requires manual review,0,Clean,1,0.7723863576285012,1,1
434,8000,15,45.8,18300,0.5901639344262295,540,B,Conditionally approve,1,Low,1,0.8110227549141492,1,1
435,1000,9,38.9,8000,0.5625,485,C,Requires manual review,3,Medium,0,0.28010778702074285,0,1
436,1000,5,20.4,10000,0.6,415,HR,Reject,3,Medium,0,0.4193529441181572,0,2
437,3300,30,27.5,8000,0.625,550,B,Conditionally approve,0,Clean,1,0.6445125206242459,1,2
438,1000,30,39.7,12000,1.0,525,C,Conditionally approve,0,Clean,1,0.8468321208664542,1,1
439,1000,30,37.8,20000,0.35,520,C,Requires manual review,0,Clean,1,0.7761559366128894,1,1
440,1000,29,30.3,7000,0.5714285714285714,535,B,Conditionally approve,0,Clean,1,0.7759303936650093,1,2
441,1500,30,22.3,9000,0.3333333333333333,515,C,Requires manual review,0,Clean,0,0.4903642563180381,1,2
442,3500,26,28.3,16000,0.53125,520,C,Requires manual review,0,Clean,1,0.7959513473681602,1,1
443,650,17,26.5,10500,0.47619047619047616,565,B,Conditionally approve,0,Clean,1,0.7803853059462532,1,2
444,1800,30,30.8,9000,0.2777777777777778,595,A,Approve,0,Clean,1,0.8472543037571638,1,2
445,2500,30,26.7,7000,0.42857142857142855,570,B,Conditionally approve,0,Clean,1,0.6970364177419652,1,2
446,1000,3,27.6,34000,0.29411764705882354,580,A,Approve,2,Low,1,0.7485875767537729,1,2
447,1000,30,28.4,9000,0.2111111111111111,625,AA,Approve,0,Clean,1,0.8676820637784995,1,2
448,1050,15,25.5,6000,1.8333333333333333,355,HR,Reject,4,Medium,0,0.22797150281341425,0,1
449,500,30,24.2,7000,0.5714285714285714,470,D,Reject,0,Clean,1,0.8530890394712044,1,2
450,5000,17,57.4,8000,0.75,455,D,Reject,1,Low,1,0.8565956788277714,1,1
451,1000,30,34.1,25000,0.32,560,B,Conditionally approve,0,Clean,1,0.5781233910735581,0,2
452,600,30,35.9,10000,0.8,505,C,Requires manual review,0,Clean,1,0.8728698695321168,1,1
453,3500,29,22.4,8000,0.75,475,D,Requires manual review,0,Clean,1,0.7121849222504484,1,2
454,1500,20,36.4,15000,0.5,615,A,Approve,0,Clean,1,0.6420497981461948,1,1
455,3800,30,49.8,9000,0.5555555555555556,605,A,Approve,0,Clean,1,0.8917386443926769,1,1
456,1000,18,30.3,9100,0.6153846153846154,480,C,Requires manual review,2,Low,1,0.8503169290264174,1,2
457,1600,30,29.6,18000,0.2222222222222222,645,AA,Approve,0,Clean,0,0.3026025144320325,0,2
458,1050,14,22.9,8000,1.0625,400,HR,Reject,0,Clean,1,0.7491666006919385,1,2
459,1500,3,35.3,9200,0.21739130434782608,595,A,Approve,0,Clean,1,0.8139161431815298,1,2
460,4000,30,42.8,8500,0.6470588235294118,525,C,Conditionally approve,0,Clean,1,0.9271547190233306,1,1
461,3500,26,29.2,7000,0.6,495,C,Requires manual review,0,Clean,1,0.7608739736734702,1,2
462,2000,7,31.9,14000,0.2857142857142857,670,AA,Approve,0,Clean,1,0.6954243572417779,1,1
463,1500,30,33.2,7500,1.0666666666666667,465,D,Reject,2,Low,1,0.7027259016007822,1,2
464,4000,30,25.2,38000,1.0526315789473684,425,D,Reject,2,Low,0,0.32136629264856204,0,1
465,2000,30,30.1,9000,0.16666666666666666,610,A,Approve,0,Clean,1,0.8475499966646407,1,2
466,3000,30,32.8,10000,1.043,470,D,Reject,0,Clean,1,0.8845803090773444,1,2
467,1000,30,25.0,9000,0.7222222222222222,465,D,Reject,0,Clean,1,0.8094640527874557,1,2
468,800,15,38.3,14000,0.7142857142857143,525,C,Conditionally approve,0,Clean,1,0.7415218757263017,1,1
469,1600,7,33.4,85000,0.7647058823529411,480,C,Requires manual review,5,Medium,1,0.8573167300822853,1,0
470,1000,8,28.4,10000,0.35,575,B,Approve,0,Clean,1,0.617008299941789,1,2
471,1500,30,24.6,4500,0.4,480,C,Requires manual review,0,Clean,0,0.4868504773874647,1,2
472,2500,30,29.4,6900,0.17028985507246377,535,B,Conditionally approve,0,Clean,1,0.8050909732120389,1,2
473,1400,12,20.9,3500,0.6142857142857143,385,HR,Reject,0,Clean,0,0.3621350730257245,1,2
474,500,30,29.4,15000,0.5333333333333333,555,B,Conditionally approve,0,Clean,1,0.8392623287680461,1,2
475,8000,21,26.5,9000,0.8888888888888888,460,D,Reject,1,Low,1,0.7281089674030701,0,1
476,8000,30,32.9,5000,0.4,475,D,Requires manual review,1,Low,1,0.8138035309404159,1,1
477,8000,3,22.3,15000,0.30433333333333334,505,C,Requires manual review,1,Low,1,0.5659562165776897,1,1
478,4000,30,32.6,12000,0.25,645,AA,Approve,0,Clean,1,0.664421809675158,1,2
479,3000,30,28.5,15000,0.4,550,B,Conditionally approve,0,Clean,0,0.2998533096143751,0,2
480,1000,24,24.0,10000,0.65,425,D,Reject,3,Medium,1,0.5984067032787019,0,2
481,1000,19,22.6,7500,0.30666666666666664,475,D,Requires manual review,0,Clean,1,0.7504295448048781,1,2
482,1500,30,24.3,6000,0.5833333333333334,485,C,Requires manual review,0,Clean,1,0.6832540881825555,1,2
483,2500,14,24.2,7500,0.3333333333333333,430,D,Reject,3,Medium,0,0.26570203399168374,0,2
484,3000,30,36.7,8000,1.0,485,C,Requires manual review,0,Clean,1,0.9021092154576468,1,1
485,1500,30,35.5,8000,0.4525,525,C,Conditionally approve,0,Clean,1,0.5348177338488362,0,2
486,4000,8,20.7,5000,0.6,405,HR,Reject,0,Clean,0,0.180865002987922,0,2
487,1500,30,31.3,7000,0.21428571428571427,520,C,Requires manual review,0,Clean,1,0.8411651794542877,1,2
488,500,20,28.2,12000,1.0,525,C,Conditionally approve,0,Clean,1,0.8410019623549855,1,2
489,1500,30,25.1,15000,0.4,490,C,Requires manual review,0,Clean,0,0.3268996227702651,0,2
490,3000,7,34.8,10000,0.8,600,A,Approve,0,Clean,1,0.6241320788125077,1,1
491,4500,30,40.5,12000,0.125,490,C,Requires manual review,3,Medium,1,0.8749265522014218,1,1
492,1000,30,27.9,10000,0.3,565,B,Conditionally approve,0,Clean,1,0.6423727197859715,1,2
493,1000,8,23.0,6500,0.6923076923076923,505,C,Requires manual review,0,Clean,1,0.6695860925301221,1,2
494,2000,20,30.5,11800,0.3050847457627119,595,A,Approve,0,Clean,1,0.7748181182449945,1,2
495,1000,15,54.1,12000,0.5,605,A,Approve,0,Clean,1,0.7637020005176617,1,1
496,500,3,23.8,15000,0.3333333333333333,485,C,Requires manual review,1,Low,1,0.5001381557673187,1,2
497,2500,30,24.7,8000,0.4125,460,D,Reject,0,Clean,1,0.8276679451103953,1,2
498,1050,14,32.0,15000,0.4666666666666667,520,C,Requires manual review,0,Clean,1,0.5097633502493816,0,2
499,1300,4,27.9,12000,0.8333333333333334,525,C,Conditionally approve,0,Clean,1,0.7910942778228136,1,2
